Date,Equity_3M,Equity_6M,Equity_12M,Equity_36M,Equity_60M,Government Bonds_3M,Government Bonds_6M,Government Bonds_12M,Government Bonds_36M,Government Bonds_60M,High Yield Bonds_3M,High Yield Bonds_6M,High Yield Bonds_12M,High Yield Bonds_36M,High Yield Bonds_60M,Leveraged Loans_3M,Leveraged Loans_6M,Leveraged Loans_12M,Leveraged Loans_36M,Leveraged Loans_60M,Commodities_3M,Commodities_6M,Commodities_12M,Commodities_36M,Commodities_60M,Long Short Equity Hedge Fund_3M,Long Short Equity Hedge Fund_6M,Long Short Equity Hedge Fund_12M,Long Short Equity Hedge Fund_36M,Long Short Equity Hedge Fund_60M,Long Short High Yield Bond_3M,Long Short High Yield Bond_6M,Long Short High Yield Bond_12M,Long Short High Yield Bond_36M,Long Short High Yield Bond_60M
2014-07-31 23:28:01.245051,,,,,,,,,,,,,,,,,,,,,,,,,,,,,,,,,,,
2014-08-31 23:28:01.245051,,,,,,,,,,,,,,,,,,,,,,,,,,,,,,,,,,,
2014-09-30 23:28:01.245051,0.03502535283882713,,,,,0.07233078438435858,,,,,0.04200324485251561,,,,,0.007867380930422607,,,,,0.013971542047981567,,,,,0.05555004766837324,,,,,0.03132950510162269,,,,
2014-10-31 23:28:01.245051,0.06815844457007492,,,,,0.05800399773935494,,,,,0.028816335225603673,,,,,0.02349321012503891,,,,,0.004749947560761303,,,,,0.04660489100948784,,,,,0.038876470834271926,,,,
2014-11-30 23:28:01.245051,0.02882917734281598,,,,,0.048692904293258676,,,,,0.02643153531854292,,,,,0.018739077032436713,,,,,0.007004126756559703,,,,,0.05929421917088451,,,,,0.0552705314142834,,,,
2014-12-31 23:28:01.245051,0.008144934685770266,0.04345556673581563,,,,0.04977896494934897,0.12571030091433544,,,,0.05246357466219087,0.09667045988708067,,,,0.022826592328542894,0.030873558756157493,,,,-0.017167761290480144,-0.0034360793412381296,,,,0.05685362834325125,0.11556189777621229,,,,-6.069168232225586e-05,0.0312669119789295,,,
2015-01-31 23:28:01.245051,0.01738915848454381,0.08673282104930768,,,,0.05323333304125599,0.11432507690999394,,,,0.040499527537515734,0.07048291072511903,,,,0.05071300605371598,0.0753976274860475,,,,0.010915101347023892,0.01571689506680407,,,,0.046605254687807074,0.09538217851248953,,,,-0.026489386411626903,0.011357270564395838,,,
2015-02-28 23:28:01.245051,0.06279457587328952,0.09343406918012365,,,,0.04910917681842508,0.10019334955842396,,,,0.019074884002501458,0.046010597791253716,,,,0.02749457683909129,0.04674887686489004,,,,0.03394037997795363,0.04118222945804462,,,,0.04984066517564756,0.11209014767107983,,,,-0.031124415785729886,0.022425852628117138,,,
2015-03-31 23:28:01.245051,0.13924969490582573,0.1485288092616175,,,,0.02436227596242979,0.07535396979299924,,,,0.005043844531045449,0.05777203730737557,,,,0.03474855017862777,0.05836833349610626,,,,0.04308745275493209,0.025179976360940604,,,,0.011497342310072822,0.0690046362799559,,,,0.031527391806426275,0.03146478667365615,,,
2015-04-30 23:28:01.245051,0.111260259239647,0.13058414000514063,,,,-0.004757006664342089,0.04822309505687139,,,,0.015282326600663865,0.056400781145180545,,,,0.006252681874808763,0.05728278022229394,,,,0.08456341359155917,0.09640153316818512,,,,0.043999997046464845,0.09265588280288495,,,,0.034716378989756436,0.007307377000257409,,,
2015-05-31 23:28:01.245051,0.08159680442790562,0.1495152170278613,,,,-0.015687055703514363,0.03265174272260629,,,,0.024926285223403788,0.04447663522515466,,,,0.0798406145179813,0.10953037526781739,,,,0.08496855481757337,0.12179279983221325,,,,0.0104430883441462,0.06080424398935369,,,,0.07398973896587457,0.040562435780693074,,,
2015-06-30 23:28:01.245051,0.020425605929223156,0.16251956022895997,0.21303750656018083,,,-0.02335016136520851,0.00044325152227475684,0.12620927371885604,,,0.04974739176815102,0.055042154409099986,0.15703356467608431,,,0.04662240814901075,0.08299101941665277,0.11642680628700397,,,0.06858656443826816,0.11462923754805754,0.11079928305177877,,,0.026324347462789888,0.03812434980673185,0.15809196979809403,,,0.07207605974662279,0.10587582172854426,0.14045314370615736,,
2015-07-31 23:28:01.245051,0.017458211750124075,0.13066087615495037,0.22872628359395097,,,-0.026453198125683808,-0.031084366750248837,0.0796869875403241,,,0.01619049908520709,0.03172025418071889,0.10443890074943551,,,0.0061112338824815815,0.012402127358620119,0.08873484582328772,,,0.029476931180934196,0.11653301469535671,0.1340814469259457,,,-0.020250554340027316,0.022858418375287126,0.12042088262976103,,,0.10829630581183758,0.14677234039734843,0.1597965441430067,,
2015-08-31 23:28:01.245051,0.026864815174953982,0.11065370267268237,0.2144265975633619,,,-0.00982026214629983,-0.0253532668505021,0.07229985397992134,,,-0.006098375714526982,0.018675899656416917,0.06554578675515188,,,-0.003860279454905524,0.07567212797918521,0.12595859183707803,,,-0.012337412888122956,0.07158284978615903,0.11571302058935773,,,-0.017522749381641,-0.007262652657319624,0.10401342320491724,,,0.04099745980203329,0.11802059011692423,0.14309315510608656,,
2015-09-30 23:28:01.245051,0.06069204877721446,0.08235732657779837,0.2431185714899864,,,0.0031071137401184057,-0.020315599232301862,0.05350750950981964,,,-0.03341010549448187,0.01467522066661986,0.07329507536984137,,,0.006876360484053157,0.05381936111813124,0.11532904103252783,,,-0.0019659678868807484,0.0664857575682305,0.09333984373307813,,,-0.06958613982644568,-0.045093602087041496,0.020799366582345158,,,0.03430821634049508,0.1088570771378754,0.1437470285215927,,
2015-10-31 23:28:01.245051,0.06804880346096565,0.08669502563125375,0.22860016100117497,,,0.0025628709752729684,-0.023958123284090305,0.02310963691626844,,,-0.0037829222800309648,0.012346329405461987,0.0694434531733863,,,-0.013474293021417783,-0.007445403694991137,0.04941088310377606,,,0.023159847847655124,0.053319460269755536,0.15486107115564485,,,-0.04890561078378064,-0.0681657993950987,0.018174121087868977,,,-0.02829210352202627,0.07694027199472986,0.08480988056895522,,
2015-11-30 23:28:01.245051,0.06142254636321254,0.08993746689378934,0.2528997038032117,,,0.037735112746799526,0.027544281901205947,0.06109539342992942,,,-0.029348316245045303,-0.035267714900521274,0.007640331033778036,,,-0.07987018466670637,-0.08342214288868355,0.016970973762890917,,,0.04131909356061292,0.028471909955069652,0.15373238341728168,,,-0.028919814263621557,-0.04593580898775751,0.012075342864056093,,,-0.033523443241243345,0.006099640544081408,0.046909492602628555,,
2015-12-31 23:28:01.245051,0.05087280483333734,0.11465242836293021,0.29580525082861575,,,0.04543971910810907,0.04868801922381549,0.049152851784727725,,,-0.020272836028068175,-0.05300562393218011,-0.0008810132601057008,,,-0.08463676197785075,-0.0783423943793603,-0.001853090135792268,,,0.017631031210880277,0.015630401282826556,0.1320513398125045,,,0.015570384717887187,-0.05509923807668882,-0.019075510896477077,,,-0.033335350484002824,-0.00017081055969903058,0.10568692646047717,,
2016-01-31 23:28:01.245051,-0.01369158065687881,0.05342552712289694,0.19106702946076526,,,0.05011517810465893,0.052806487815316716,0.02008066483102433,,,-0.030318418541081638,-0.03398664860011824,-0.003344459551745893,,,-0.03462597166332004,-0.04763370419639501,-0.035822336103781494,,,0.002140721976701121,0.025350148619620816,0.14483729255659683,,,0.024769706090544075,-0.02534728229852945,-0.003068262706698466,,,0.0359590843348041,0.006649622676220268,0.1543979437565164,,
2016-02-29 23:28:01.245051,0.0006035310211300882,0.06206314779646993,0.1795843675723534,,,0.06748987873460277,0.10777172966472026,0.0796860973930884,,,-0.0016400348174133716,-0.030940218801984498,-0.012842155567261204,,,0.030720170954265713,-0.05160363943955082,0.020163531331772733,,,-0.006183474250397114,0.03488012375913385,0.10895979220486551,,,0.007533090771021378,-0.021604579078528863,-0.02871032518219374,,,0.042355476115094826,0.00741213147435138,0.12630750572190252,,
2016-03-31 23:28:01.245051,-0.03407495316590248,0.015064363225320676,0.09866235048495331,,,0.0854794912215584,0.134803374400279,0.11174916383849931,,,0.013127910391280029,-0.007411065611541923,0.007155396031853778,,,0.03695588577590159,-0.050808702710044784,0.000276166488991203,,,-0.007742646723186808,0.009751873641661968,0.07688599191666823,,,0.02654044923749077,0.04252407896059118,-0.004487087022217118,,,0.03024028406552537,-0.004103136886537628,0.10430728476277262,,
2016-04-30 23:28:01.245051,0.012500914357576942,-0.0013618235765133768,0.08521513872486985,,,0.13625614223087168,0.19319982117128465,0.16461299275310837,,,0.020301757883925298,-0.01063217784980075,0.0015828831856299352,,,0.002647221260107413,-0.032070413011551446,-0.0392770395350065,,,-0.005589471562479242,-0.003460715090390143,0.049674221718598366,,,0.025690808740323146,0.05109686861259344,-0.020551989678069038,,,-0.05159465157935317,-0.01749086367191588,0.058103656514474133,,
2016-05-31 23:28:01.245051,-0.02770255196123783,-0.02711574028958086,0.06038300560961396,,,0.09781499056951026,0.17190639115607564,0.20418571115590378,,,-0.006569003608891011,-0.008198265031669982,-0.04317684585837578,,,-0.03054511266602955,-0.0007632927946814583,-0.08412176016278139,,,-0.03629950936276327,-0.04225852653171369,-0.014989797538889071,,,0.03647515042205263,0.044283011812090045,-0.0036869731476700807,,,-0.02761910923042732,0.013566546363338094,0.019748937963660396,,
2016-06-30 23:28:01.245051,-0.015965905639267586,-0.04949682131826083,0.05948067628428477,,,0.10218223884707678,0.19639621585716327,0.2546463778141166,,,-0.03189499280193542,-0.019185797018089756,-0.07117446580869002,,,0.022055543637872876,0.05982651156518104,-0.023202834977559927,,,-0.023157428907619848,-0.03072077583975774,-0.015570552611026134,,,0.023110077994726863,0.05026387908411101,-0.007604860432890992,,,-0.024577553899643445,0.004919497954320784,0.00474784709242293,,
2016-07-31 23:28:01.245051,-0.04680426553358841,-0.034888447291016145,0.01667314614485882,,,0.053890100246160255,0.19748909964100858,0.2607242931901761,,,-0.03611479541728391,-0.016546231365947905,-0.04997052901497523,,,0.07322525109072653,0.07606631579229828,0.024809291210143636,,,-0.029506489228176558,-0.034931035108206276,-0.010466393420015874,,,0.023551245682681854,0.049847104971435074,0.023236334031430328,,,0.029385050252146216,-0.023725712756608175,-0.017233857117943785,,
2016-08-31 23:28:01.245051,-0.05602831701362543,-0.08217874161149263,-0.025215865201384746,,,0.041764084537172286,0.14366422864183037,0.26691890071822866,,,-0.0028127483639246442,-0.009363275018662076,-0.04001379204286615,,,0.07962500238560444,0.04664773505067399,-0.0073630972891036706,,,0.02172791861445522,-0.015360303533486719,0.018984050937421282,,,0.009032902060533976,0.04583752894399229,0.023242649346628452,,,0.027076139340808325,-0.0012907887396110818,0.006111775238896833,,
2016-09-30 23:28:01.245051,-0.06708614353406372,-0.08198095813596418,-0.06815158584156333,,,-0.0022065769952396286,0.09975018887427489,0.24800022533187138,,,0.019273318259058314,-0.013236396890019098,-0.020549366695748694,,,0.023529799676472063,0.04610430583789982,-0.007046896841115924,,,0.01739991366252336,-0.0061604525087350925,0.0035313451784864114,,,-0.009108352652599017,0.013791230601922555,0.056901768941594044,,,0.039973075433316074,0.014413081117675919,0.0102508053863557,,
2016-10-31 23:28:01.245051,-0.03594048771384373,-0.08106258511706677,-0.08231401575399466,,,0.004193112132621524,0.058309179611952144,0.26277432385691024,,,-0.008883949025252469,-0.0446779024409919,-0.05483505688608403,,,3.005634757968778e-05,0.0732575083219047,0.038837696762272333,,,0.020526716245216292,-0.009585444314739622,-0.013012986913341518,,,0.014213004535113871,0.0380989841794912,0.09114259158097715,,,0.01343120899048933,0.04321093599376802,0.024964275731249375,,
2016-11-30 23:28:01.245051,0.02424448774720367,-0.03314220711175497,-0.05935927192066992,,,0.0417136865437191,0.08521990501206034,0.27177614249342286,,,0.017066400552036676,0.014205648697881434,0.005890921993239484,,,0.010442088309307707,0.09089854200145142,0.09006586700461328,,,0.041072151694927506,0.06369248267873062,0.018742405677867335,,,0.006546932009940054,0.015638971866116735,0.06061452445408322,,,-0.019500833015406283,0.007047299053415168,0.020709452926097827,,
2016-12-31 23:28:01.245051,0.02327161784294196,-0.04537572878600338,-0.09262659576435739,,,0.068472336383405,0.06611466990589143,0.2754955567452173,,,0.03868034291397637,0.05869915973238515,0.038387172550537585,,,0.03699334052306402,0.06139358609140744,0.12489306174491421,,,0.05770088451060218,0.07610478858186132,0.04304601459174817,,,0.062308477081670866,0.052632596846565516,0.10554199441445533,,,-0.028483367522933123,0.010351140111793944,0.015321560478719798,,
2017-01-31 23:28:01.245051,0.0431192567163623,0.005629041886273889,-0.029455793935890262,,,0.06635769137777192,0.070829048751202,0.282306113458515,,,0.07642440167797826,0.06686150216393294,0.049208964913705744,,,0.020191767827282492,0.020222431065654245,0.09782699268548045,,,0.07440238843139091,0.09645634139190506,0.05815598643612874,,,0.04866288232653515,0.06356753262884784,0.11658329507200826,,,0.020692153535530666,0.03440128316461899,0.009859375445188334,,
2017-02-28 23:28:01.245051,0.03686625074978256,0.06200454186157467,-0.025269654974299116,,,0.025544749837398406,0.06832400206867262,0.2218039457654215,,,0.07075282065127975,0.08902671718073751,0.07882986052510388,,,0.006365465890969535,0.01687402295724061,0.06430889296006281,,,0.05006848821951371,0.0931970604577288,0.07640522178718268,,,0.0453718304946682,0.05221580879402343,0.10044678138494567,,,0.08673502007652223,0.06554278191801566,0.06416739129354232,,
2017-03-31 23:28:01.245051,0.060878782758822414,0.08556714836887114,-0.00342868657533546,,,0.015439635616776082,0.08496915992377008,0.1931950385489294,,,0.06412973833503788,0.10529064151879708,0.09066057590883059,,,-0.010051008090194546,0.026570512067988883,0.07389983292054092,,,0.07177353836224598,0.13361581952080548,0.12663223310149685,,,0.04117073736025456,0.10604450038717217,0.12129821514799977,,,0.07009706769112123,0.039617099626861885,0.05460118521510693,,
2017-04-30 23:28:01.245051,0.047201220216130046,0.09235575846431754,0.003806576815685414,,,-0.0021220885858109773,0.06409478589250717,0.12614127988725543,,,0.06108350607921276,0.14217617816168793,0.09114614230335505,,,0.042006413351366456,0.06304636492429672,0.14092249284930936,,,0.027587674186588806,0.10404265146872893,0.09345991211197835,,,0.014321787402786113,0.06368160918440857,0.1042067979847412,,,0.03881921312954284,0.060314619783278456,0.10613180695199054,,
2017-05-31 23:28:01.245051,0.058176960001521616,0.09718797714658023,0.0608247459674609,,,0.003319146122770178,0.02894868271754847,0.11663559172102289,,,0.01941299958185594,0.09153934471085412,0.10704536918173213,,,0.0921050121146032,0.09905676931857554,0.19895942722645943,,,0.015682115635840876,0.0665357836773246,0.1344660956054391,,,-0.013828047657601372,0.030916379002673855,0.047038851250215785,,,0.018975316397537023,0.10735616092275824,0.11516003094742233,,
2017-06-30 23:28:01.245051,0.02803158593342281,0.09061689752267132,0.041129360971250195,0.3380488329192204,,-0.0044620939575545915,0.010908648554428968,0.07774454015861565,0.522846984713021,,-0.012153792400641739,0.05119652640796457,0.11290087922171432,0.19601489746268363,,0.13205636599731108,0.1206780583041156,0.1894805031573612,0.2971552987940689,,-0.031934293685918935,0.037547207423389795,0.11650951828804734,0.22090709324591273,,-0.046209060738799046,-0.006940784481885731,0.04532650085324552,0.20137790237083264,,0.04117748508006569,0.11416097373019429,0.12569381007636826,0.28989633560878225,
2017-07-31 23:28:01.245051,-0.0024053013223468422,0.044682385736380725,0.05056294664354355,0.3123769075916649,,0.042438374578753546,0.04022622800264841,0.11390446221812667,0.5162329574106375,,-0.03344119296936998,0.02559960779580206,0.0941727381917703,0.14806020351015126,,0.05999443152480155,0.10452099576557883,0.12685709546301638,0.2572858299369585,,0.00034980996550171284,0.027947134595446288,0.12709915434281527,0.2648438629462948,,-0.030868195109188146,-0.016988495434263506,0.04549912045675164,0.19861806687867056,,0.016381893442352524,0.05583703878489943,0.09215918773183174,0.24485262720098122,
2017-08-31 23:28:01.245051,-0.022884579023866536,0.033961025739131845,0.09807130544281017,0.29990096229283303,,0.0800071911310134,0.08359189281201984,0.1576272275381052,0.5726562129903856,,0.02801247242294158,0.047969278120230774,0.14126654265754235,0.1674121137358402,,0.010177262300961054,0.10321965128308785,0.12183540500571777,0.25383958861590394,,0.006808864571472784,0.022597757608872282,0.11790086264868416,0.27093453002799217,,-0.0030187494725444353,-0.016805053718573215,0.034533265603708285,0.1686849392419727,,-0.0022182362655949195,0.016714988396957953,0.08335331715423777,0.24594242349190942,
2017-09-30 23:28:01.245051,0.006506872559368215,0.034720856450096704,0.12325896949432735,0.30118102175894457,,0.03977633148588211,0.035136751799950794,0.12309145200661242,0.4766154942463099,,0.05174662840375932,0.03896391822406531,0.1483570956887601,0.20719838651278732,,-0.034430257645751694,0.09307937364651031,0.12212305233525456,0.24271697978139262,,0.052371401946952556,0.018764664530516173,0.15488774008059947,0.2671437570832531,,-0.011220019536245074,-0.05691061371080319,0.04309882907867957,0.12538332167175992,,-0.016772493181805626,0.02371434281051088,0.06427093591908206,0.2297345822464163,
2017-10-31 23:28:01.245051,0.03982386340001409,0.03732277368637038,0.13312550522248445,0.2775640479425181,,-0.012818772390092659,0.029075594324330156,0.09503397420975257,0.4147363482911701,,0.06594367506146814,0.03029724692925817,0.17678097186816877,0.18949074836868252,,0.018539049977450706,0.07964572126665903,0.14771345939859226,0.2512000100300136,,0.03780504570626597,0.03816808025350227,0.1461818399932766,0.3064557467089457,,-0.02421366696201288,-0.054334429875108725,0.005887075380735629,0.11751353183960611,,-0.009947283870947898,0.006271654226989831,0.06696454645038141,0.18634867507489283,
2017-11-30 23:28:01.245051,-0.024944792567114016,-0.04725852051424462,0.04533649662061601,0.23195884248169074,,-0.07096738840272188,0.0033619013202861314,0.03240790665248361,0.3932094922333651,,0.045392822187195536,0.07467685978985528,0.17305207531093703,0.18897773718057853,,0.04394740529196706,0.0545719318640312,0.15903442044853078,0.28486539360092045,,0.030195447613727833,0.03720990889867726,0.10622148302513734,0.3002041722183062,,-0.0048289852361727,-0.007833157212082553,0.02284104893343497,0.09793988853725111,,-0.01635815027101739,-0.018540100294443085,0.08682566663758107,0.16137149064220013,
2017-12-31 23:28:01.245051,-0.0422190601613317,-0.035986901646009706,0.05136897449804678,0.23617779452412146,,-0.004489312266402035,0.03510845084662817,0.046400085152633164,0.400281921505405,,0.01778362646087084,0.07045049757477218,0.12525384474227774,0.16741973904138385,,0.03006333529868077,-0.005402010727095008,0.1146241434115367,0.25150949987693494,,-0.007076622020080858,0.044924167310631535,0.08415815176235664,0.2801540386193304,,0.004716465122500679,-0.00655647324456099,-0.013451750658694861,0.06986542179011779,,0.004593403051651901,-0.01225613295151895,0.10050566870676314,0.23545823086769913,
2018-01-31 23:28:01.245051,-0.012914153482663893,0.026395418433129647,0.0722572144376128,0.23951133076931952,,0.03490725146630158,0.021641010964898788,0.06273777520882895,0.39012017549024636,,0.05697605391388327,0.12667693936093327,0.15551942712114797,0.20832658170762186,,0.002376688176224606,0.02095979969455497,0.1276715345952555,0.1936406183933983,,0.0042816317565834705,0.04224854474710482,0.07137640510905996,0.29788298480688136,,0.0014885084416855765,-0.022761200768004475,-0.03936301764694228,0.06934009279294906,,0.044015292846536935,0.0336301763629816,0.09134502460980398,0.27226775151535687,
2018-02-28 23:28:01.245051,0.07908306805250365,0.05216556475724876,0.08789818658379778,0.2508399625272917,,0.1002116814760976,0.022132531751571705,0.1075745247854274,0.4610732533548554,,0.04298583046858129,0.09032990081480619,0.14263223906979494,0.21687517972319714,,-0.026841911136711638,0.015925861807719377,0.1207893749929827,0.21691849190077228,,0.005914418615680539,0.036288454746884025,0.05970625006012664,0.2649608713478693,,0.014451266465314694,0.009552496276737266,-0.00741308765491322,0.06092909845805172,,0.08057800645913771,0.0629017490499224,0.08066813945239848,0.29526691616896894,
2018-03-31 23:28:01.245051,0.07766576082510346,0.03216772523502098,0.06800547265532897,0.16935425956910954,,0.10248170971664061,0.09753232505372589,0.13609604595156166,0.5070695623344128,,0.06497077603745471,0.0839098185102487,0.12614319204094349,0.2370285258833209,,-0.02005690033286378,0.009403457646057767,0.10335809924037487,0.185223307015562,,0.046281885442698734,0.03887774401296329,0.058371936367586086,0.28407448258166723,,0.027331705489226588,0.032177079647405904,-0.026564751413552967,0.08661350103148702,,0.08973009216924788,0.09473566170009518,0.12069659846854286,0.305167485118379,
2018-04-30 23:28:01.245051,0.07593164310406975,0.062036896728169255,0.1016750594713296,0.20010542235466122,,0.0963561589769113,0.13462693911494705,0.1676168917061096,0.5313514652424043,,0.005521141152696307,0.06281176790256193,0.0950120384740274,0.19670941913448114,,0.008459713273868852,0.010856507550605743,0.09136690319156981,0.19625865099240736,,0.031293442156562934,0.03570906090885684,0.07524008746490574,0.23413550018753848,,0.0349985478040149,0.03653915187955348,-0.019780611981050633,0.06012015927242764,,0.08942302935854696,0.1373743030295249,0.1445075213847895,0.3395340173935424,
2018-05-31 23:28:01.245051,0.07252085552681109,0.15733909533216717,0.10264496195347439,0.24034385202024477,,0.07523904602571685,0.18299055881670934,0.18696765633828094,0.5960401823566415,,0.02671018541177772,0.07084417538225418,0.15081145572405785,0.21899316995686857,,0.03227370880546143,0.004565509644941512,0.05938659019024106,0.16331331500167434,,0.05878130162788153,0.06504337746816402,0.10467354451689381,0.23442924859626846,,0.013042622143847105,0.027682371017168972,0.019632373440905848,0.06365851596047412,,0.016558102121639218,0.09847032744048523,0.07810457739926879,0.22600247494870462,
2018-06-30 23:28:01.245051,0.09753634115060872,0.18277733611927127,0.14021284445521776,0.25771912043275114,,0.013833716700552445,0.11773312935640146,0.15697500798805852,0.5644480501256932,,0.04034179402120741,0.10793360772296312,0.18598808166685865,0.22594491395230643,,0.040086032327002696,0.019225130439016302,0.013719265351059828,0.17782133959413216,,0.11453891124343252,0.16612187345503115,0.21850892760271212,0.3392934399510903,,-0.011801604815268929,0.015207542686846542,0.008551361595543705,0.046247924021220355,,0.020187500122613722,0.11172901853853046,0.09810351988126054,0.241997283475327,
2018-07-31 23:28:01.245051,0.043972475655636334,0.12324302108759233,0.15289149063129237,0.23137934743116495,,-0.027557027686147983,0.0661438419501057,0.08921627252390718,0.5296151840368777,,0.044716797973327393,0.05048482687953104,0.18355702959372966,0.23030320947516092,,0.05607828328065256,0.06501240275196674,0.08733484938586455,0.25566909498125634,,0.14061104956065273,0.17630469546321548,0.22600185702572273,0.3673629253199522,,0.0025310240988596355,0.03761815407079161,0.014000718945460289,0.08477055399333677,,-0.002849744615707639,0.08631845194640464,0.12285153307172347,0.20519817718014655,
2018-08-31 23:28:01.245051,0.05180204892933671,0.12807963336254513,0.18692654452805257,0.2704653871206266,,-0.040997826218600486,0.031156582473300887,0.0539786882757336,0.5457860283428946,,0.011480568881326425,0.03849740241655719,0.13230476977327865,0.24055326491375273,,0.07614855895654782,0.11087986417972817,0.12857158338163277,0.25674935125463083,,0.09095801684300064,0.15508594909440476,0.19700223328687905,0.36353295402191055,,-0.013379444988280809,-0.000511325889910097,0.009036285948167633,0.0681441780961014,,0.07377019044780209,0.0915497869164088,0.1602101776885212,0.26459954212135717,
2018-09-30 23:28:01.245051,0.038883828794813,0.1402127563359945,0.17689080699127668,0.23185995114220193,,-0.017738000558858658,-0.0041496663328717265,0.09297793211521221,0.5319379642405582,,0.022394230138576887,0.06363944757929807,0.15288924058601827,0.2967226469233657,,0.05379481718132606,0.09603727028888476,0.10634381033854678,0.23270549586958977,,0.004578342422535853,0.11964165202234534,0.16317079355592123,0.34807545698095876,,-0.008388567222433085,-0.020091173482376323,0.011439430875677337,0.11506443249428044,,0.047553497728335836,0.06870098409217129,0.16994507897968614,0.25790221707507044,
2018-10-31 23:28:01.245051,0.05128834431095042,0.09751609543821771,0.16560258810842243,0.21205580792256362,,0.014982813778736226,-0.012987095721528785,0.1198914304484362,0.5485643528591448,,0.03368893136590079,0.07991219047705433,0.14774338434044632,0.2765800128311977,,0.0384169701854542,0.09664961120295112,0.10855539598734487,0.32171730340348415,,-0.004860011416257803,0.1350676668382782,0.17559986728908017,0.32991685390622916,,-0.016771108161088955,-0.014282532141149606,0.02173474812727383,0.12142155583663894,,0.04874025811659477,0.04575161621275137,0.18941101563197704,0.3007405332392572,
2018-11-30 23:28:01.245051,0.03369488382577224,0.08724239677571988,0.25830813189118884,0.2372768745529612,,-0.01993500986755592,-0.060115544015940325,0.11187443780772188,0.45988195832050627,,0.046309977848224326,0.05832221162013007,0.1332981759910814,0.3372492737148933,,0.010232778131296083,0.08716054839666443,0.09212399036596919,0.3798155079593706,,0.024627012788051683,0.11782505387502051,0.19053217079758444,0.3416758668472599,,0.007186073856919606,-0.006289516811211593,0.021218745468070788,0.10785901808297682,,0.03960335056989739,0.11629508773161201,0.22621703054074915,0.36028330115686535,
2018-12-31 23:28:01.245051,0.03455908981573663,0.0747867083422491,0.2712333597894456,0.21273659759065877,,-0.01591416608362839,-0.03336988115560191,0.08043450766609928,0.442032880034398,,0.007031132767656434,0.029582819711567065,0.14070940789261743,0.33286094745263406,,0.04813161476091099,0.10451566335894236,0.12575012105895467,0.4115026125608727,,0.07484647241203257,0.07976748761438968,0.2591404855527242,0.4238698556166145,,0.01465388952932889,0.0061423971695089286,0.02144335062351055,0.11405814952001148,,0.04856111741008884,0.09842386612487064,0.22114968662630097,0.3644725241470994,
2019-01-31 23:28:01.245051,0.0425996331946179,0.09607284216037426,0.23115617056028226,0.281231018582488,,-0.03785718248298564,-0.02344157581957962,0.04115175024445472,0.41883490557243963,,0.02529392966855104,0.05983498649502983,0.113340572309101,0.34979333723425987,,0.033685412692646466,0.07339647437319874,0.14318055827768994,0.41524409827519926,,0.0803045315462727,0.07505423918992293,0.2645913494367411,0.43364616600029193,,0.0127388252162568,-0.004245927160379082,0.0332125029683199,0.10825597427431988,,0.04332681214651268,0.09417883027049756,0.18862665305197446,0.30999138334277854,
2019-02-28 23:28:01.245051,0.052834435065448826,0.08830956904275178,0.22769985963069717,0.3018619851462452,,0.01969135209302575,-0.0006362050728100366,0.030500555424669784,0.3945134634350489,,0.04204351666581174,0.09030052883949113,0.13227426705321021,0.39576103253080896,,0.05133145364345748,0.062089495151044005,0.1798538341201079,0.40740764042646993,,0.08089496463096602,0.10751417874747315,0.2792740662940354,0.4592338234144815,,0.021142855848119035,0.028480863828709513,0.02795497493575705,0.12282398659147042,,0.041712104114900006,0.08296739376706763,0.18211282790386174,0.35944369489167904,
2019-03-31 23:28:01.245051,0.07800262982235151,0.11525741952798252,0.2716307363441697,0.3534520569369626,,0.03060280184104669,0.014201617686295354,0.009993019378638612,0.3691305441781225,,0.08249397171839012,0.09010513055372993,0.15947881886552806,0.42411824406170906,,0.05869538460327228,0.10965210300415151,0.2162200619469905,0.44109438190372807,,0.006597811854508251,0.08193810720948913,0.2113829697419618,0.44444813263020055,,-0.009885812305901465,0.004623211621988865,-0.015560847607130501,0.07452636725160922,,0.0338173730812652,0.08402069991605421,0.1584939887765715,0.36921009823917905,
2019-04-30 23:28:01.245051,0.04169039315637213,0.08606602180719092,0.19197493964194678,0.31816774142683335,,0.07929468708015586,0.038435631158445505,0.024949368215944512,0.3477075445520992,,0.06468176899778988,0.0916117547822084,0.178844841257356,0.4085052259916757,,0.06924048832661645,0.10525829544358545,0.21208107997704428,0.5092409958901898,,-0.026700849907299373,0.05145948239528031,0.1934776614573943,0.4032097961535357,,-0.007885410250237701,0.004752964103082791,-0.009597452400634698,0.07197696604616577,,0.009321532138899968,0.05305221655731218,0.1012310574212294,0.39413227933195305,
2019-05-31 23:28:01.245051,-0.0029489398048053728,0.04972968969201452,0.1413106237873787,0.33500594405153383,,0.04065790122633417,0.06114986236777109,-0.0026417388909074635,0.32190894327043607,,0.034860242904713346,0.0783694067740639,0.14126229552061487,0.45396872697649027,,0.06523733820632427,0.1199175192517421,0.21753014438875606,0.5464599624455386,,-0.05040659637228728,0.026410728427975094,0.1473476278029,0.437872893629609,,-0.04782968559096523,-0.02769808589055689,-0.03381339512492132,0.0314957072569082,,-0.005795115160405873,0.035675262507565586,0.15611920802234325,0.38995487771877424,
2019-06-30 23:28:01.245051,-0.028836257228672335,0.046917068695608855,0.12521255017067,0.33575002411918886,0.7166923034205499,0.006008390363472671,0.036795065784196446,0.0021973376562629543,0.24966340991564606,0.765767382515484,-0.008418045876290914,0.0733814878036565,0.10513513883908554,0.45865370063211186,0.5675893413033439,0.046564125929903666,0.10799260981334702,0.22379519242479495,0.4756513885843614,0.6092310994540102,-0.03125689724770142,-0.02486531252038915,0.05291873158550242,0.4324715232303413,0.566412659218817,-0.006862169586088873,-0.016680143771450995,-0.0106402026698309,0.043047867524089733,0.19875910362515925,-0.02668863137477495,0.00622620230226123,0.10526287532899592,0.3662467579873001,0.5655382226412342
2019-07-31 23:28:01.245051,-0.03770958159966886,0.002408684274050721,0.09871293557850014,0.33074471648734094,0.6623836214643981,-0.036399092091032204,0.0400093403717634,0.01562988256636766,0.2322463350047952,0.6773184488930364,0.022127257988477034,0.08824025717603212,0.1533550982675076,0.4936131166455373,0.5671728227257018,0.01573808285241496,0.08606828372105735,0.16578186667473394,0.42839870210822784,0.5937295464453682,-0.026643837107203083,-0.05263327391894845,0.018470614940912622,0.4073488258889688,0.5793433244906094,-0.004830099690651846,-0.0126774226232792,-0.01686952237061856,0.042252857327679694,0.19489637112569014,0.0264858355701707,0.03605425627656378,0.1336286342294608,0.390205771197931,0.5845687387566452
2019-08-31 23:28:01.245051,-0.051053728494751205,-0.05385211392741451,0.029701798142366176,0.3420412241998714,0.5887134743681939,-0.0031505165627462306,0.03737929127236783,0.03671930530483247,0.26491618093712477,0.7184100749715303,0.04952492392845542,0.08611161771115206,0.18418807116918434,0.5302807121437814,0.5653383096756746,-0.01749298424937562,0.046603158227234154,0.11158621994505125,0.4073476988054323,0.5729475570444742,6.914141332470258e-05,-0.050340940142276525,0.051760873768423865,0.4073925983579483,0.6000558818077044,-0.013499845513074371,-0.06068383773762254,-0.03393130202812167,0.008461342027175078,0.13923217495296636,0.06913393666479806,0.06293818237992732,0.15112739310749368,0.4468722164606769,0.6640180514659113
2019-09-30 23:28:01.245051,-0.0677546496145286,-0.09463711633847771,0.009712673368762248,0.33479285427235195,0.5462214655098812,0.05241050626471355,0.05873379940897183,0.07376953205973691,0.3180673189139054,0.7329653984015061,0.05781427237242287,0.04890954329899677,0.14342167463700606,0.5138085882724295,0.5913754459414051,-0.021491582476391158,0.024071806700649123,0.13636343393263606,0.4107428093609127,0.5623545382556889,0.02885138551156241,-0.0033073165285276707,0.07835979542467109,0.44859488544271797,0.5893994731499754,-0.025613383720573646,-0.03229978992389837,-0.027825907066073574,0.025674083513542056,0.1065840310420314,0.08159762156348305,0.0527312613457418,0.14118247874752154,0.42093029023099615,0.6418442502608623
2019-10-31 23:28:01.245051,-0.04652534691240373,-0.0824804771462263,-0.0035132218837699014,0.3161338493430059,0.4839003097637222,0.08597581124998599,0.04644727768766432,0.08666813927962691,0.3326019638540638,0.7216638757067608,0.04289153066684559,0.06596786061990878,0.1636230468727351,0.5716388286826666,0.5886132519012666,-0.022025251481194164,-0.006633803861435306,0.09792622869538814,0.39689587589090514,0.522850603182295,0.05484522465970776,0.026740100320563398,0.07957561443753769,0.4546754776606108,0.6580869379307499,0.022841910838058643,0.017901482440933814,0.022739531647450573,0.05112032620220708,0.1677664589516843,0.012893316066703964,0.03972064188617175,0.09488012653862476,0.3894678998552106,0.5449373716645607
2019-11-30 23:28:01.245051,-0.0025804983861976716,-0.053502482816958796,-0.006433454993183929,0.3068931344026833,0.5402107917507539,0.0826914614774037,0.07928042409567526,0.14527827348535505,0.3146740474622294,0.7741208201864067,0.01245997483445005,0.06260197806873213,0.14587746472692542,0.5233498722067624,0.5440312686123707,-0.004699752758481779,-0.022110524306877433,0.0951555557206285,0.3862580832510283,0.5367576720279856,0.008202955284221547,0.008272663861467855,0.034901879368064215,0.36295776868059404,0.6019607326280716,0.07619134328388655,0.06166292640704607,0.03225689548460364,0.07823821404820319,0.1574044136996029,-0.0506031584010761,0.015032382715783221,0.05124392942284861,0.4009761137579688,0.49706964744675575
2019-12-31 23:28:01.245051,0.07094336891889141,-0.0016180237992109436,0.04522313196265926,0.396977626699603,0.6425372666123554,0.053707274083674816,0.1089326057732114,0.14973585395287703,0.29985314020631737,0.7394502147593363,-0.001957633428414929,0.05574345979177231,0.1332154856102723,0.45458139867862535,0.5090879669456077,0.033352622165474965,0.01114423905901063,0.12034034433272378,0.4057899161810139,0.5784329142080635,0.007680014351781894,0.03675297891814178,0.010973792090897883,0.3800878266526633,0.6295823649592787,0.0644011531557569,0.03713823798735749,0.019838623066859018,0.02769459230235949,0.1144867057430734,-0.054461103647969855,0.02269262139011663,0.02906011254392138,0.38293551906832723,0.5525218255350173
2020-01-31 23:28:01.245051,0.12505165190947887,0.07270823351001754,0.07529204896271802,0.4195103309649242,0.6409301011772337,0.017457505080030744,0.10493423949167324,0.14914192956791128,0.2714925586140602,0.6631830541337427,-0.000726292350578861,0.04213408652563877,0.13409226633257054,0.45899457219230744,0.5256705190489823,0.06491741260094863,0.04146233878171035,0.1310992148407708,0.45813639037177856,0.5434377558621142,0.013241458942099715,0.06881291439230908,0.012557791500988902,0.3718672995729806,0.6619025928123639,0.03270012450724358,0.05628896867369004,0.042897947005505976,0.03512016114546768,0.15225158879458567,-0.013297724418015133,-0.0005758601152006104,0.03545763395319046,0.34319748994478094,0.5658722144118584
2020-02-29 23:28:01.245051,0.07547231505994478,0.07269706048653224,0.014930056175608941,0.35555321988311506,0.558583477454615,0.007070344487850377,0.09034646308410332,0.13110284111552017,0.29099119865509593,0.7030300611481735,-0.006760213306519769,0.005615529440255784,0.09221070947581267,0.4130728147042191,0.504887729016831,0.09295455792140972,0.08781794172292368,0.1385136933834612,0.5055336673374669,0.6346619631129353,0.08957732322971523,0.0985150772908705,0.04321479553958252,0.4142390652939023,0.6881631869462583,0.004218064255609333,0.08073078752118867,0.015147895773199638,0.035790577602937024,0.1071074482448755,-0.004825766050323588,-0.05518472544754871,0.004280230617574654,0.28293954371021224,0.537705319280348
2020-03-31 23:28:01.245051,0.02491574755666348,0.09762672354635726,-0.006249504386121263,0.3496210800496855,0.47769388750096775,-0.03556993514505291,0.016226974682648,0.07591384596764494,0.23455634814731252,0.6376804601244677,-0.013390870034414637,-0.015322289048014692,0.03283784809134871,0.34861684296112094,0.48140797459881157,0.0707463519255851,0.10645855043641994,0.1330930067848055,0.520527256076784,0.6333449168455412,0.06232248463227252,0.07048113656046917,0.06694071660404544,0.3679180130354056,0.6596326437292488,0.03588997962272278,0.10260248885291956,0.06698866009340287,0.022482184792829374,0.14136297013431198,0.0204054911172169,-0.0351669180974753,0.015709947299344496,0.31871681562787413,0.5357825768261761
2020-04-30 23:28:01.245051,-0.018096284481964986,0.10469239715962053,0.013576841142086238,0.3309977502728907,0.44991719973299493,-0.048973477980903124,-0.03237092764151084,0.012572808580981087,0.21179468145375102,0.5892914655471022,-0.012870329585758178,-0.013587274314409536,0.051484262887321997,0.3573077170015344,0.4833653626888239,0.07384692770156831,0.14355829177743185,0.13597215036566257,0.5026925582295763,0.6471169936591932,0.06530128956046766,0.07940743284714857,0.10827089588824301,0.42221636173067134,0.6323867770756555,0.03775973809602662,0.07169461074037131,0.09087953299658347,0.059038700212471706,0.1453642819837866,0.033601850995553795,0.019857298423064496,0.0603666849487261,0.3364514193735644,0.5641855605096469
2020-05-31 23:28:01.245051,0.029222665434461836,0.10690048270696773,0.047678558650854796,0.3184619877797754,0.48311222296596257,-0.09125295177216208,-0.08482779708887411,-0.012272556721506622,0.1693033523775509,0.5722881123114802,0.04378814528513275,0.036731914776188646,0.10163338336816241,0.4468607453681235,0.5325823858546563,0.032717587775422,0.12871339460475095,0.10375694965784477,0.4236644644977392,0.5633271583582529,0.014940305408467358,0.10585594120490738,0.11500431568570302,0.4132061663322728,0.5792023215148896,0.09042154163341998,0.09502100976173034,0.16254320970083747,0.1452854198057958,0.19473706574343463,0.0202701650061754,0.015346579881730493,0.03060965825967421,0.28456982116287155,0.46079129335413893
2020-06-30 23:28:01.245051,0.04040105270446226,0.0663234226913334,0.06459808601576311,0.36585997127792713,0.5066206367204691,-0.05982606103992549,-0.09326798707380413,0.005504693832235175,0.16590006032009086,0.5765164013188604,0.08843011777299958,0.07385509152435898,0.13371548964093716,0.4859349339225807,0.5359972017139958,0.05231619344880656,0.12676372520752777,0.13932064952426226,0.41342383843251174,0.6422305619498514,0.038390105970168786,0.10310515739179849,0.14364755798591267,0.4672893805138991,0.6127342174655646,0.07924545050825116,0.11797954773490837,0.159499338243686,0.1569718276189198,0.20021589270608398,0.03376383677174166,0.05485829556028743,0.07879579548166094,0.3093269634370275,0.48089911590997203
2020-07-31 23:28:01.245051,0.06452761136485718,0.045263616870691914,0.1212628880056521,0.4203001055520128,0.5169929098647321,-0.03565766530732872,-0.08288486340145296,0.013351915983817575,0.12101102643453121,0.574265396837788,0.07410744502042044,0.06028332819249105,0.1049573976842455,0.5083348404778616,0.5679085576806657,0.007437512418854819,0.08183367756229787,0.12668903200684944,0.4281856656694216,0.6492882604555648,0.04191669006492016,0.10995519354073346,0.18633444525315057,0.4813127861959572,0.6521118406464672,0.00958739673080311,0.047709152416407496,0.10668362007591314,0.10324737975671372,0.1802459790906299,0.046866794890610075,0.08204345694471704,0.08142035127494895,0.37653634224837185,0.47748748755904646
2020-08-31 23:28:01.245051,0.03187399875964281,0.06202810739591613,0.13923442895767435,0.3923499868457563,0.4903470422836984,-0.004647691527962405,-0.09547652772927151,-0.013756031233058907,0.07764911257141871,0.5805015416338493,0.017331474662134694,0.06187853307777891,0.06784154324225278,0.4318279351678225,0.568710887019243,0.01318601677879827,0.04633501921558869,0.1382220069557174,0.42790476666286437,0.5900793672120339,0.030157713464593394,0.04554858432264286,0.14855088391854832,0.44597975265400613,0.6471490100550688,-0.025629133381200542,0.06247498250116257,0.14824942456004275,0.11931166853104092,0.1848793337426904,0.05972726520280203,0.08120811173000586,0.021541938932522653,0.3643200477507811,0.48707410163386555
2020-09-30 23:28:01.245051,0.002251613299151467,0.042743633551182825,0.144543277993608,0.36008545701538575,0.4236110900648833,0.0050738398678003005,-0.055055769025762924,-0.03972218291322971,0.1269881945220297,0.5796073733144962,-0.0204201817931845,0.06620417689889746,0.049867488316252206,0.3839757914396136,0.5566393443321713,-0.038375085667435305,0.011933469375978945,0.11966243966384349,0.40764930582260517,0.568424769343223,0.020027978695432935,0.05918696089008768,0.1338396617236508,0.42219393096194224,0.6482744787082659,-0.05193666521708129,0.023193040858145997,0.12817519342717887,0.10932926516961294,0.22298337374954125,0.06728084471133089,0.10331634094177078,0.06451610554426557,0.42125762130329214,0.528108579619313
2020-10-31 23:28:01.245051,-0.005744450095574782,0.0584124856260102,0.16922022592986963,0.3580581405946126,0.41218136747231227,0.01609811526332683,-0.02013357125014048,-0.051852756513547704,0.1538481074111775,0.5955189933326401,-0.023688372963833082,0.04866358725954689,0.03441510743591869,0.38150342900375134,0.5365801181571697,0.012601417405784243,0.02013265302308964,0.1665811540774642,0.4198599743500233,0.6928820186175673,0.021224178632881285,0.06403051601543841,0.1485224477632514,0.457646057552038,0.6489862859875055,-0.01664162105105016,-0.007213774143507212,0.06396364786767639,0.1118085160709088,0.2202834817646364,0.018249166640739167,0.06597124148122524,0.08713855053372255,0.41573974851091755,0.5482537585442173
2020-11-30 23:28:01.245051,-0.005920570998159236,0.025764715488831857,0.1354194587183637,0.4195160123685808,0.3957903399396909,0.02931933961935429,0.024535380845037702,-0.06237369855165764,0.1939786171620823,0.5676840680429622,0.03102743893832316,0.0488966648722482,0.0874246477753644,0.4121523102748825,0.6662866766184194,0.043823870548308275,0.05758774961946833,0.19371345896538972,0.427735796608985,0.8038354718035783,0.009412420186394543,0.039853990721977484,0.14992871362553162,0.4168087473574995,0.596679326182481,-0.01542854241629743,-0.040662255626033095,0.05049498554692189,0.10738989040751723,0.2013409292243009,0.006398550844900708,0.06650798399092972,0.08287523396175,0.3958837958382322,0.5485002822027805
2020-12-31 23:28:01.245051,-0.008725405107584128,-0.006493438046613176,0.05939931760843464,0.4076477243837109,0.34287375227321104,0.007613036712314836,0.012725503909301272,-0.08172936529862329,0.14068890571785864,0.5224531392364213,0.04778332502591698,0.026387399049020432,0.10219133434523431,0.42476919338191244,0.6647703646984464,0.10784625424676775,0.06533255933370086,0.2003780831397104,0.5139447811686746,0.8982338743897611,0.012734661858115226,0.033017690089935936,0.1395271416151711,0.4505702269793215,0.6403437450779359,0.001145637024040802,-0.05085052875961826,0.06112969659014933,0.10538663633051182,0.20561261652230467,-0.012867162281678723,0.053547968882303065,0.11134381474618937,0.3965551282579687,0.5604647995523517
2021-01-31 23:28:01.245051,-0.01943233450230375,-0.025065156522089627,0.019063920706982707,0.34909025920230663,0.40396184358225606,0.02537354437215522,0.0418801258774244,-0.044475966036614745,0.14321870089034472,0.5579271678173303,0.09369086542604488,0.06778310829869527,0.13215262785466408,0.42949092863674676,0.7330881305338754,0.11979890485351041,0.13390995826410945,0.22670198017337295,0.5861877706028253,0.9636818216048151,-0.03837164720835162,-0.017961875270258276,0.09001831679877959,0.39573774223598734,0.5823246488201776,0.011947977326223436,-0.004892477435816334,0.04258325902891191,0.12342015862235778,0.20501552085031838,-0.014732374412167792,0.0032479386729098447,0.08555786773429719,0.33607481616718604,0.4724947418823924
2021-02-28 23:28:01.245051,-0.010037733723330833,-0.015898875606320417,0.04514305462601231,0.30227906472168575,0.3809463242285911,-0.008322029474103654,0.020753313736777024,-0.0767046683269581,0.0761949830691131,0.4563489415613813,0.08063104519286579,0.11416025896244397,0.1831028614005985,0.46312210812900045,0.8035990782300606,0.09018068026306314,0.13795661726917796,0.19068385899685159,0.5994215120805197,0.9078956996764969,-0.020499372088148116,-0.011279900605404403,0.03375490021336214,0.37960549325606596,0.5736792074271233,0.007441719915875611,-0.008101637391793926,0.05386719545508534,0.09973816652310052,0.20123198238272333,-0.0061803229799543,0.000178682754121251,0.0814013049731881,0.28380993768627794,0.4763965706400639
2021-03-31 23:28:01.245051,-0.01270339472865134,-0.021317957570986312,0.02051446901372289,0.2896074740631238,0.37258548297594296,0.02292717052537485,0.030714752628608677,-0.026032040723558247,0.05837735401121291,0.43471958205676753,0.06384252753870245,0.11467646080847738,0.1884726984048788,0.4232597682036161,0.7481045526307966,0.04345453214301487,0.1559871949114524,0.16978213270095188,0.6120655820336061,0.9101301863167652,0.0024575404174485005,0.015223498221782705,0.07531149170573315,0.3898119447276891,0.657206117646413,0.003336864342170509,0.004486324201546044,0.027783416560201557,0.07956870760981882,0.1783613428690114,-0.032713368578643154,-0.0451596026380402,0.05349101340078399,0.23963641576401185,0.46511135582288543
2021-04-30 23:28:01.245051,-0.003188361009204721,-0.02255873821386345,0.034536035440488444,0.24988318824999323,0.382206659309269,-0.002187133579840239,0.023130915461379242,0.0025316362767155987,0.04046328334125593,0.3681068160754499,0.03892744522034408,0.13626545667790801,0.19156020987896238,0.47698272833102284,0.7647257881154237,-0.02787441762126608,0.08858516252778714,0.11050126989104259,0.5290384831074966,0.9039052759104935,0.005502576626412736,-0.033080213510984446,0.028832159363444854,0.36083275500937373,0.5999745235482372,0.01852258337402013,0.030691868106419218,0.023256689758350158,0.10553662572980071,0.1965940523631864,-0.024733319804401077,-0.03910131368875458,0.02429036558487674,0.1960727975647263,0.5141996625309779
2021-05-31 23:28:01.245051,-0.010661200316160913,-0.020591919749546994,0.004642250785568791,0.2012775323723639,0.40515002029055824,0.011846135310076278,0.0034255219487679955,0.028044949279411258,0.01274571313561701,0.3423036311586056,-0.02193399393397566,0.05692849040273984,0.10860876859189372,0.39380130539047564,0.7757035500172227,-0.044437485246927255,0.041735792367388,0.10172701234787951,0.48056395236725935,0.8805553888980464,0.016033439573394537,-0.004794607958421682,0.03486829850246553,0.3239044856687119,0.6591365402855094,0.009585050090946678,0.01709809926497874,-0.024259403644086297,0.09598469764927198,0.17006746433899322,-0.03879642363138214,-0.04473697218282735,0.018795645978364472,0.21390277732886975,0.4594257017067236
2021-06-30 23:28:01.245051,-0.044553158280205674,-0.056690576652815516,-0.06281589795210674,0.12265201793693703,0.33271039308019246,-0.004209173308566072,0.018621492782592508,0.03158396457109558,0.039541734449541455,0.2962290157942937,-0.04762626805728243,0.01317567815140741,0.039910749077550545,0.3029133547819125,0.7196986321076169,-0.04657913606116326,-0.00514867848331213,0.05984750450788745,0.4777402178066361,0.7818581228879298,-0.031715002401166426,-0.029335402883958306,0.0027136999648920135,0.20743568662139933,0.6426882582027418,0.05063711949592031,0.054142953036527164,0.000539226486394373,0.14778061044015534,0.21006545984157876,-0.029274117565777358,-0.061029831146676705,-0.010749885763507772,0.17953528488193515,0.4580569879558063
2021-07-31 23:28:01.245051,-0.04090067760629257,-0.04395863248976739,-0.06792195900800413,0.14826985085886246,0.3907673129629434,0.0035165217259294224,0.001321697043338066,0.04325717575930921,0.07371036123357522,0.3027143846373481,-0.05932511152824349,-0.022707041337105882,0.04353691311949359,0.32989204915892056,0.7222312636673034,-0.0201361396308255,-0.04744927408674182,0.08010675386474975,0.41869175271411074,0.7382818486006586,0.01644686002992568,0.022039936763917245,0.003682182898540942,0.21269575758357417,0.6757341110865451,0.04156354319089317,0.06085599075898607,0.05566577676154694,0.14857956247036586,0.21765153058778286,-0.01367651833637884,-0.03807157243895565,-0.03494728789850887,0.18308617948709993,0.4508571721685726
2021-08-31 23:28:01.245051,-0.018247579263852676,-0.028714238482196563,-0.04415658998275829,0.12127289215971748,0.46138857635373887,0.00954652298904679,0.021505747702192046,0.04270537696817689,0.06612262341042441,0.3007915935533376,-0.01202539248040535,-0.03369562152866212,0.07661793655416949,0.3614105302847561,0.7592984818258262,-0.01659117417505307,-0.0602913893643473,0.06934763177766645,0.35297273395783946,0.7129602990006341,-0.0012481373675287122,0.014765290270804421,0.003318838658735279,0.21201004126210554,0.6218267894831147,0.05532174954371749,0.06543706137515937,0.05680527664011925,0.1723012283913279,0.2237436866814182,0.029799056269256274,-0.010153464172963478,-0.009976595667784305,0.1641931817594693,0.46329483545131533
2021-09-30 23:28:01.245051,0.04529757593942141,-0.001273732411322892,-0.022564536608807972,0.1295829239486177,0.49325571022522796,-0.017538002391446983,-0.021673355208461254,0.008375705676287204,0.03975339533223465,0.2763120289773189,0.010734040861593463,-0.03740344950310115,0.07298371609433207,0.2880539044051167,0.7052913250619557,0.0012691646343145901,-0.04536908801903461,0.10354111011663769,0.40408330853954344,0.7431046900293541,0.03994290728024641,0.006961115478777424,0.02229058622967295,0.2499415180213327,0.67908605067676,0.061936536345808646,0.11570994363383513,0.12071538015586514,0.2291812353570426,0.29682465950320625,0.04286599578390371,0.012337014017974157,-0.033379723270857586,0.17425720223183605,0.4621129032793996
2021-10-31 23:28:01.245051,0.006231003782740441,-0.03492452610043362,-0.05669541107275411,0.0990559639472417,0.4516045653990106,-0.0028450176677413674,0.0006614994917486516,0.02380771604194898,0.0548510001857323,0.2935839964469684,0.002547749352653117,-0.05692850769008251,0.07157955988944464,0.2898273748607214,0.7420957672477673,-0.012571646249521562,-0.03245464145607724,0.05325552138354195,0.3490307863629116,0.7163771960885037,0.04018571766307888,0.057293506566611585,0.022318011625610756,0.2675893054044336,0.708014754739871,0.04592620930452784,0.08939860847944381,0.12283428688621112,0.2218207559101144,0.2557260101642107,0.04722698273535131,0.03290456370362049,-0.007483361652300902,0.18137905021896028,0.49924017073002736
2021-11-30 23:28:01.245051,0.020937927954385538,0.002308282190564448,-0.01833116952060998,0.10743512530135502,0.4566707880072456,-0.019935246115119543,-0.010579035411403037,-0.007189752180633557,0.06612236641841274,0.2238103515959411,0.0067315426797731615,-0.005374799243355155,0.051247711952242536,0.3099128866119576,0.7414214781663899,-0.013966284624278957,-0.03032574173855218,0.010144381768248278,0.3205636963534657,0.6715818031103888,0.09131745155957782,0.08995533746845008,0.08472942893309998,0.2908967780340799,0.7001010697368262,0.03237336015471004,0.08948606062079478,0.10811420143309936,0.2016176451222229,0.2551430456050823,0.008715015664774839,0.03877377117621328,-0.007697822129147824,0.12960307691541262,0.5054041069752906
2021-12-31 23:28:01.245051,-0.0035535079639329448,0.04158310267864085,-0.01746484404404025,0.08796969947160393,0.45410992372030634,0.0349097120459958,0.01675946304120135,0.035693042043855705,0.0934522679589489,0.23622078870162233,0.012679575868977055,0.023549719816055692,0.03703568149631509,0.2952786057611414,0.6626036177328629,-0.03340401840510343,-0.03217724896959262,-0.03716025714348292,0.2948576922454309,0.6247722362727346,0.0611052909955101,0.10348892124832276,0.07111762916551867,0.2339618654848814,0.6844905005768727,-0.006932619170238574,0.05457453475636087,0.11167231426519209,0.2030307108242999,0.21229783607317199,-0.014478839351616868,0.02776650656568469,-0.03495790978822899,0.10366034142256253,0.48318943522863944
2022-01-31 23:28:01.245051,0.009256862341501249,0.015545545668507854,-0.02909644775015441,0.06390769610413893,0.4044816636278117,0.0031561963433688334,0.000302199241267731,0.0016242957004495295,0.09981626198296212,0.21691512333892726,0.01013286491119314,0.012706430263863977,-0.01028913651049046,0.27075464284679196,0.6348088965434795,-0.042792346257025105,-0.054826022267216334,-0.0996738413963153,0.24922203407879184,0.6104123171909064,0.04506902693018322,0.08706587578482816,0.11102473894533826,0.22624526997957584,0.6613824922005733,-0.04491422755171803,-0.0010507584624814825,0.059741287349221794,0.15226511652949615,0.14367168573783462,-0.01153596337377194,0.03514621061849055,-0.0042634333239817135,0.11925687250631789,0.4519020116876129
2022-02-28 23:28:01.245051,-0.0035270649561501832,0.017337013566292914,-0.011875044058015094,0.04815068060638894,0.3999230995015792,0.06900050784487277,0.04768971962379731,0.070221070404207,0.11767678404522619,0.27566728567358867,0.012789011550584872,0.01960664400744294,-0.014749635577141484,0.2731381717089707,0.6471518949558681,-0.04681410984414358,-0.060126575285907036,-0.11679284988854699,0.1972843369747308,0.583250064682497,-0.019494562897986345,0.07004269485847958,0.08584218585021874,0.1710030585923088,0.5874758277208993,-0.05303158777457884,-0.022375038310471274,0.041597866309494025,0.11433375554329528,0.13699334757278647,0.06104347596492854,0.07029048647896996,0.059423330369842375,0.15056546857480613,0.46981479099152246
2022-03-31 23:28:01.245051,0.01206218000405701,0.008465808987417223,0.007181293400798872,0.02141957298104602,0.3871986915780061,0.05598047565221398,0.09284444998342622,0.06915884403133976,0.12037755375748627,0.2855761885553949,0.013970872029252845,0.02682759263008072,-0.011579301379249562,0.21328599670588577,0.5842350602373654,-0.05717776398799357,-0.08867181531247947,-0.13001794393779453,0.15313681581568894,0.547424569681725,-0.02086372933889069,0.03896667740411508,0.04619904442412648,0.20029748215221188,0.5388938872471447,-0.017238022066321634,-0.024051136594326228,0.08887585137984999,0.19409746429158825,0.1442889974459145,0.06617089808556931,0.05073398093081938,0.06369690078272439,0.13819961632955025,0.4777476361099542
2022-04-30 23:28:01.245051,0.014392867491264338,0.023782962625831683,-0.011972172173573381,0.03602796539863684,0.36047987206534815,0.05671420787051451,0.060049405389381194,0.06075062753227489,0.07680644035091344,0.2886661643630588,0.0313264536579847,0.04177674529224107,-0.01753005016347753,0.2309432897590289,0.5889622749020884,-0.04999502959185387,-0.09064797123145407,-0.1201606652824938,0.10991601466153011,0.4682248459654901,-0.03397475989313792,0.009563057668475095,0.06740446534241218,0.21708097787725356,0.5618496224254745,0.010775139410458934,-0.03462304520464177,0.05168031121218619,0.1739379158728771,0.13967275666179657,0.05750681042865269,0.04530745059603336,0.07970283619403973,0.1726904931734079,0.47802066618423633
2022-05-31 23:28:01.245051,-0.012807462283587201,-0.016289354488339902,-0.01401867272463675,0.03778690139945029,0.30601372874609,0.014890936580581826,0.08491892661180023,0.07344153086867311,0.09000281150734057,0.2903802058652798,-0.001401116829013227,0.011369975822261624,0.005934065241459896,0.22852758631678483,0.6135207647838392,-0.012301119492899248,-0.058539363377896336,-0.08708985550111104,0.1101341990789102,0.4318900646942532,0.00773833571622351,-0.011907082654108336,0.07697714917592657,0.24270521349057783,0.5750599759411021,0.029779595191006036,-0.02483125179983614,0.06243275791710823,0.2051606170932303,0.18727017779943012,0.03273233570537393,0.09577390721820933,0.13826119395755354,0.19515220842524617,0.48965852040599
2022-06-30 23:28:01.245051,-0.0552449400337377,-0.04384913444068106,-0.00408941482185643,-0.006355707670152033,0.27482754516433205,-0.0021680913718228334,0.05369101349413907,0.07135030909163964,0.11127151975947558,0.2885385218656602,-0.015345614099034455,-0.0015891336805694545,0.021923162482558434,0.20480951981870033,0.5791162514574968,0.013191449351565465,-0.04474057221411132,-0.07547819265252842,0.11636576562266043,0.3849463592184532,0.016467485579683583,-0.004739816921233708,0.09825858578699576,0.2594292131366496,0.6158361875041436,0.02371164548710425,0.006064881552647172,0.06097040439809631,0.23085783524372916,0.22817477527677066,0.04326138278657354,0.11229492542355413,0.14317946977330487,0.21999983139654478,0.4807053209944372
2022-07-31 23:28:01.245051,0.005878207567197702,0.02035567932106286,0.03621766513207003,0.08295576148107342,0.3717765911931046,0.016689927739629073,0.0743506916413128,0.07467535960518235,0.1361324517695066,0.2568358393907193,-0.013325051691478684,0.017583975352202463,0.030513835172641057,0.1882482316183398,0.6220319540304244,0.014138726774277188,-0.0365631688810476,-0.08938457803703159,0.1081683683398671,0.4047089603705729,0.011309451198143083,-0.02304954458397479,0.062009502415208084,0.26453763044217427,0.5789609482343037,0.06198604847009359,0.07342909619432114,0.07230118148762132,0.2527566278275861,0.24886683244560515,0.06469246205298385,0.1259195296330804,0.16549133456103648,0.21633897433119653,0.5482738055428971
2022-08-31 23:28:01.245051,0.03607705068156908,0.022807532932074714,0.0405399610062247,0.1330748898273726,0.38482191886514117,0.042518904094674737,0.05804298697960597,0.10850076037858813,0.13993993616216183,0.24558963044991589,-0.013798687961161127,-0.015180471216253766,0.004128534696186792,0.15440375914704219,0.5478959039098736,0.02386035020255517,0.01126572169067197,-0.049538222858619196,0.15685931155656863,0.4512853513947308,0.01842712714591288,0.02630805815827686,0.09819344030665622,0.26551720081660646,0.5932356804019128,0.07002369204933312,0.10188856444334782,0.07723376560005768,0.3071973756407982,0.2742538723139514,0.09151107953234083,0.12723878661372834,0.2064729493027715,0.2201669337082348,0.6295936033720726
2022-09-30 23:28:01.245051,0.07313299004383045,0.01384782236063331,0.022430864367047443,0.14381098283515992,0.35921525488812933,0.04374357948971874,0.041480648040631785,0.13817634597634654,0.10211985429095383,0.29345491755956177,0.037456813665002864,0.021536401758085688,0.048941764201250404,0.1816231621653781,0.5576611993804257,0.023865771631454535,0.03737204510073222,-0.05461361729276881,0.16811329935708685,0.46856214579799826,0.02181250553174463,0.03863918823172896,0.0791115064188268,0.250812836467305,0.5689153280181001,0.02965346866787355,0.05406824669149324,0.028716707310574296,0.30067164133984114,0.278944196363075,0.10385780010024392,0.15161221493232557,0.21003808708440075,0.2451084425105814,0.6623702112637035
2022-10-31 23:28:01.245051,0.011238102750394496,0.017182370218220555,0.04137398051277552,0.1485634422020865,0.33406512997276105,0.05056261244177329,0.06809642652938219,0.1322349818409947,0.09908366673195967,0.33753023853338804,0.03096772184315455,0.017230023657348603,0.05972658325930169,0.1746624997063677,0.5688095229863963,0.04857007512984102,0.06339552092578504,-0.032999125662752316,0.1881617506040365,0.4461259783254683,0.03706579783377406,0.04879444286363821,0.05882412460311959,0.24322383601670472,0.577836224928554,-0.006246077543791362,0.05535280126092479,0.018813273516022466,0.21713023253676678,0.2718627750240956,0.07940387374531621,0.14923316788742902,0.20130199286481143,0.2962085738494862,0.6880037962580203
2022-11-30 23:28:01.245051,0.009133733948393896,0.045540302812530964,0.028509126188171363,0.14638233217279994,0.43322193777848095,0.008683437168016228,0.05157155149485004,0.14086987890329783,0.062018658024796336,0.35238054515969464,0.05474262311806988,0.040188558782326966,0.052015477546275335,0.2026143050832243,0.5617399998861528,0.02942536149265962,0.053987811125266516,-0.007711964346069022,0.19652368046311497,0.43109694982257096,0.022016112788023623,0.04084893364353981,0.028455459360205992,0.28285576179485883,0.5805860340494149,-0.022595089974319138,0.04584641045282534,0.019876734890916348,0.18720629123939037,0.25150549296741964,0.013196852765397171,0.10591559054072874,0.2118334477003483,0.3021628500464879,0.6785572011582521
2022-12-31 23:28:01.245051,0.008494923433239432,0.08224917262793596,0.034793483159057725,0.0771135085517356,0.4311849687033764,0.0036374576753410715,0.047540152584021556,0.10378364505206283,0.04974958019152198,0.30401393081230044,0.06264687593059759,0.10245024195402741,0.10069830114338618,0.2581110821132768,0.6263219059985066,0.07523926447775509,0.10090067921295431,0.05164575287406281,0.2154624257838964,0.5329695052487673,0.02673798742670641,0.04913371545710388,0.0441610137199433,0.2744691132810291,0.6223456935916694,-0.02283951071034196,0.006136687242292993,0.012238787076190194,0.1940657276522486,0.2438670809878043,0.047332983283849384,0.1561066829001354,0.28593159663807843,0.3791533533285889,0.7330943518006536
2023-01-31 23:28:01.245051,0.01117331646259867,0.022536986091462596,0.043351421074266705,0.03230523065142554,0.36661979969740455,-0.01241130832176418,0.037523755947440174,0.11466436479642494,0.06681860918344329,0.276374995422747,0.06761435709874886,0.10067594154514103,0.12003020017203303,0.25499804491203437,0.5845993521722446,0.08360017731067138,0.13623071933335962,0.09468652365453978,0.20900669703928232,0.5633068735648323,0.01992713143506153,0.057731544294014725,0.03335131390593293,0.25142700154027997,0.6024170151861958,-0.015756471933556337,-0.021904133331834164,0.0499165621490103,0.1600197634912892,0.24996212573015697,0.07851312304560643,0.16415124290058647,0.3107406198283944,0.4168184179734802,0.7437812055907171
2023-02-28 23:28:01.245051,0.009410721734163019,0.018630410711139245,0.04186285734904582,0.07596504447196284,0.3406841729332206,0.01697669362904608,0.025807546849510477,0.08534848093487835,0.07246552271348694,0.25006807190006297,0.03346723778717098,0.09004194529022658,0.07349459491523924,0.25132168550679856,0.5474871054566066,0.1005364575950658,0.13292014069565172,0.14568330369848592,0.20482404614316474,0.6184157390835734,0.033447637033012345,0.056200136770447884,0.0839867113953845,0.21676931725346904,0.6238487805589608,-0.009479949902537865,-0.03186083955585717,0.06678146968318477,0.17101223024319268,0.22198209472463004,0.12103705877592796,0.13583121978514812,0.280353005988601,0.46685149360208644,0.7414058184838321
2023-03-31 23:28:01.245051,0.010989583532478253,0.019577862636389387,0.033696795761012366,0.0624781012721467,0.3426362310699711,0.0382334052152713,0.042009935283866984,0.08523318266421875,0.13008202562563898,0.22802111989991913,-0.0038378801859655365,0.058568564540785406,0.08136632243521569,0.27029293005144495,0.5212438818344594,0.0673941030504901,0.1477040502719018,0.1905960978009562,0.21165710574500118,0.6697730823499533,0.014389459796301685,0.04151219241811854,0.08175537806660294,0.21696382600404518,0.5728938774745109,-0.0075731142966363185,-0.030239658781889722,0.02219358257871784,0.14396601447060453,0.20160521360119343,0.0552976867175905,0.10524807448247908,0.2728171831044557,0.4263127316210005,0.678333445557912
2023-04-30 23:28:01.245051,0.03348436741738303,0.04503181531368616,0.06298793885422493,0.08653353828952737,0.31270439738682443,0.018485904125082442,0.005845161547615385,0.07433962269087724,0.14249149792884852,0.1857186467843428,-0.043374909670855666,0.02130668079628184,0.03890381906780993,0.21621571517860172,0.5075441344470768,0.05966219636476722,0.14825014387027702,0.22104405989404086,0.19303660415220647,0.6426805884549696,0.0246516744735632,0.04507004306595386,0.09606365357083546,0.20367522800871884,0.592097079936827,-0.01188648892416233,-0.02745567172859653,0.026377381191649896,0.10452464028304487,0.19333932147788802,0.056590118492320984,0.1395463084742803,0.30960441404232264,0.44832977871199775,0.6912273203225927
2023-05-31 23:28:01.245051,0.010505382543430253,0.020014967509420112,0.0664667580031133,0.056397711965015196,0.26316291758667565,-0.015699728782754496,0.001010435360687456,0.05263409657477358,0.1616302984825393,0.1443430619072057,-0.0014135737700181616,0.03200635560766196,0.07348120369373512,0.19713263236283285,0.5050981671669355,0.04146882676403307,0.1461744133025784,0.20805386104457124,0.21503371361840995,0.6328319966128904,-0.03689774189571515,-0.004684247140968489,0.03597334000194019,0.15462285889532978,0.47710620217005095,-0.017865616467990675,-0.02717620122143405,0.017424277955644607,0.054721803400488156,0.18469904923616465,0.021963729008782185,0.14565921294368467,0.26700238504104146,0.469286345636321,0.7506658795606909
2023-06-30 23:28:01.245051,0.012852638891074353,0.023983467572258776,0.10820526056476232,0.034345117048973695,0.23904111301165143,-0.02916437668414551,0.007953975099509902,0.05587226087341168,0.1669371403336688,0.1759390418213953,0.013447653307036012,0.009558162638895862,0.11298764066791378,0.1827818506228147,0.48191781875235384,0.029103711340038974,0.09845923291173131,0.2092945156002659,0.18492980736818088,0.6521418639739787,0.019423158240902794,0.03409210679182917,0.08490089412337576,0.19473509987932958,0.43866169945019395,-0.01343106686695239,-0.020902466159079425,-0.01489405081419748,0.04573183968969663,0.19962386035653146,0.023411280478909946,0.08000355685008076,0.24859932963029463,0.4120290216283973,0.6836369592673559
2023-07-31 23:28:01.245051,0.04362718294115875,0.07857237898152891,0.10288014968527115,0.06520105597105319,0.312270221893455,-0.014937060242677602,0.0032727188188483858,0.04091927946853158,0.16703995366562907,0.20110641876230262,0.07347014651051986,0.02690847587126588,0.13029345356029132,0.21549409978845224,0.5490357061505711,0.022036321489660837,0.0830132531943013,0.23055292772452263,0.21032493557107812,0.5897299022110702,-0.009518621342179179,0.014898403176619501,0.07349005529353536,0.14425453653118514,0.38254185009020847,-0.020416086698655134,-0.03205990003439907,-0.05326178904127454,0.07169975870323153,0.16602476564795965,0.012523211824534863,0.06982202035791052,0.24543463468207816,0.40081577377361,0.717300786969651
2023-08-31 23:28:01.245051,0.027778980911215667,0.038576192275785015,0.05792529329269369,0.0522053711455599,0.23431238557065504,0.0010307906442377224,-0.014685121272063117,0.010743438622227819,0.1682573961287459,0.1944943101769605,0.0632872125494861,0.06178417763583033,0.15738929046854389,0.25121049669661155,0.582187225356412,0.038469127950353954,0.08153322431712362,0.2252907726603779,0.2453537456262238,0.575661283472007,0.03795856534050435,-0.00033976190187623434,0.05584128020321666,0.16336622098159848,0.4053474201479066,-0.0015372662823552874,-0.01937541854053626,-0.050618940994945905,0.080800392554079,0.1989187183708998,0.017697842322826673,0.0400502819444275,0.18132158037882662,0.411013562458751,0.659245995192038
2023-09-30 23:28:01.245051,0.032476055501225565,0.045746097406263786,0.0662195708538238,0.0655373883233854,0.23139878156558158,0.009085627659905837,-0.020343725691725156,0.020811570992400164,0.17159501121642973,0.20805160617153118,0.028354942410594663,0.04218390315270959,0.10322311834787645,0.24167478675507348,0.4905576227222592,-0.00293692856518446,0.026081307253666974,0.17763767224332172,0.2285972790016484,0.5631977065004743,-0.006046548986711753,0.013259166176410764,0.05532177565214802,0.16419461071110497,0.423445738996139,-0.012902344413153188,-0.026160119029552176,-0.0556087047382946,0.0887874358800882,0.19416321857757057,0.06023966722899887,0.08506123545336308,0.19926184118040946,0.4027134352007411,0.7040262796115324
2023-10-31 23:28:01.245051,0.005217034437250856,0.049071821894213885,0.09631343042854645,0.07694470165701328,0.25476172923485296,-0.016236709951083172,-0.030931241479078553,-0.025266878034776563,0.12990177541969117,0.16416198006487792,-0.026386973476927866,0.045144518226272856,0.0674130788621039,0.21213438050362599,0.45900889164470393,0.01537478237449208,0.037749907511390735,0.19159648060132128,0.21363983590537305,0.5544542316209526,0.026123931486218943,0.016356646332253533,0.06216388415281626,0.1497445793128005,0.4255876509171288,-0.02416668990777926,-0.04408938737005763,-0.07033455535230693,0.06349866472709476,0.15725424278742062,0.02433937677425968,0.03716739576981554,0.18190027711937629,0.40919413802877247,0.6773446086808532
2023-11-30 23:28:01.245051,0.04915167510123308,0.07829603945684038,0.09987809965210537,0.11049780880822846,0.2527690009713932,-0.02000687019942038,-0.01899670244980456,-0.01800546202900888,0.11227310901227905,0.1944067274570338,-0.00424529922029715,0.058773240175097774,0.09266071300801859,0.20840502075627865,0.505739599656936,-0.024862511038857837,0.012650177793175343,0.16067372341284436,0.1634061632834698,0.5209231185908825,0.019993926936747064,0.05871143305929327,0.05375216705587449,0.17556160046600788,0.3989928197253223,-0.03377675035923999,-0.03526209278214065,-0.06148000427463818,0.060658888151681856,0.15015801964318154,0.05949436388355056,0.0782451280774854,0.2353014647936147,0.48545615008411325,0.6909927995505476
2023-12-31 23:28:01.245051,0.03783018081926781,0.07153481137240147,0.0972339317734976,0.11558075440576365,0.23529224450625796,-0.02664290972695027,-0.017799349624600058,-0.009986950108791581,0.1317641490794219,0.19488113308491384,0.022759648290475498,0.05175993921763178,0.06181283177374941,0.21202049876233509,0.5138381926508273,0.04325214758515372,0.04018819055222078,0.14260432187783434,0.1569626605879606,0.5559204029723024,0.02927708829363529,0.023053513958367855,0.05793156360999241,0.18321104653545328,0.3630970777529685,0.01925381574391105,0.006103051968762596,-0.014926983027561125,0.10848083187337543,0.19957694906272438,0.03338502339961891,0.09563579332864314,0.18329055380719472,0.4684376820128697,0.6793634701802909
2024-01-31 23:28:01.245051,0.043424619823551946,0.048868201997846805,0.13128027186689617,0.14597967630016373,0.2557545951597562,0.005702916217407816,-0.010626390330172653,-0.00738844869893418,0.10822589174036445,0.21686830373285626,0.04948769477089243,0.021794890804610834,0.04928983396920894,0.16314413602763578,0.493436988198529,-0.0008740089303886922,0.014487335747005448,0.09870322981178359,0.08285433982375934,0.5024838366394073,0.007732751776200475,0.03405869314002086,0.04946451645870886,0.20486804011871196,0.329820735177907,0.06001259927040081,0.0343956034854942,0.0012329838417270977,0.11401179623540258,0.21127387177226775,0.03615944919595826,0.061378924428148185,0.1354865452970273,0.481982949555364,0.6658217210644242
2024-02-29 23:28:01.245051,0.00399100792106899,0.053338847746964735,0.09397264966920593,0.12623465796616262,0.19465014639205713,0.04561780342850841,0.02469826375711137,0.009650445486565795,0.17277241163405122,0.2247754540630078,0.0423141276844603,0.037889192330896826,0.10201432255617715,0.1655575052207634,0.5061306291296648,0.001189091850219537,-0.02370298299789053,0.05589766068948099,0.06843716932284982,0.4483839807121577,0.027471393837584346,0.04801458181557061,0.04765850638805902,0.23313439701178917,0.3298471632187756,0.07242892429995385,0.0362057602458461,0.016128839946968343,0.1290789809307049,0.20792376964380632,-0.019723745691287653,0.038597166488958834,0.08019327583352531,0.46521287957445434,0.591265073198743
2024-03-31 23:28:01.245051,-0.01279769914849238,0.024548342397917366,0.0714174306666786,0.11547419656360347,0.13124338685664072,0.027481513013064562,0.00010641581574710735,-0.020239474770142873,0.13680306260006803,0.19126231007686356,0.04640952567098622,0.07022543844306117,0.11537172468990908,0.19215933033591526,0.4633750824493985,-0.016981496538963636,0.025536164851670096,0.0522834886669139,0.08995233442102313,0.444701250499433,-0.005303667488346542,0.023818144863952506,0.03739311978112814,0.17405041223589834,0.3469805399241259,0.027871460571133877,0.047661908281395604,0.0202549480580263,0.13558651352834938,0.24532192955658805,-0.01716486041548182,0.01564711371751515,0.1020393119949694,0.49204186979361175,0.5965464245473102
2024-04-30 23:28:01.245051,-0.022029643143497868,0.020438347801699175,0.07051311665905002,0.12431888748433795,0.17894028554050978,0.0474011092027089,0.05337434997451185,0.020792173587583118,0.1633013236444334,0.18090937196353973,0.035136481421041754,0.08636299965982186,0.13540633389831291,0.158899915381298,0.4519935948964984,0.001527013734585747,0.0006516701805561187,0.03842617818099092,0.11560470471263584,0.40733367892657824,-0.013891532719187971,-0.006266200717296,0.009987951585977983,0.18162857454172343,0.3473221329738456,-0.004601595649418755,0.05513484990526907,0.008614600780148196,0.08871966365937856,0.21528308488818437,-0.03417911253474115,0.0007444387779542705,0.03793950339845664,0.4676294357363644,0.5940266424197702
2024-05-31 23:28:01.245051,-0.049553992556515714,-0.04576075501226029,0.028952398564565218,0.08196022884222365,0.13880874035459856,0.014569362921499796,0.06085178868383956,0.04069910291086987,0.17592874746598053,0.19407122233566465,0.04269604136105687,0.08681681479129,0.15069256047335333,0.24257687020595564,0.5175348125831327,0.031955296526327226,0.033182386159217536,0.04625232703690907,0.15385375510803634,0.4031309893967472,-0.04814130573542119,-0.02199242066755014,0.03542780585790828,0.1552471122261634,0.3330195634437503,-0.03347549381040471,0.03652883648245164,-2.1339520956620284e-05,0.08092181475428428,0.22613350500667107,0.004424385835207989,-0.015386625317133307,0.06165457429173249,0.5310966197654039,0.6076217972983873
2024-06-30 23:28:01.245051,-0.01958390379124819,-0.032130974030867065,0.03710535417502503,0.14462554007500983,0.14202083166638912,0.04480749218495883,0.073520382877587,0.054412418253614314,0.19276089426299037,0.23720616910180725,0.04574545126800866,0.09427800163394862,0.1509177644857127,0.30903988116346337,0.5433094860250784,0.011894420052395382,-0.005289061539520801,0.034686571199707306,0.15679940206812004,0.3968423891122439,-0.029243664852174223,-0.03439223366600408,-0.012131581546514947,0.1770469213993815,0.3497798216443422,-0.013538419655641176,0.013955705385864992,0.020143929749858236,0.06622205323411468,0.23695040209664597,0.02713863067571487,0.009507939452817249,0.10605303211395123,0.578750366898237,0.6848405979640513
