Month,Client ID,Ticker,Quantity Held,Value per Share ($),Total Value ($)
2019-01-31,1,BIV,54,919.68,49662.719999999994
2019-01-31,1,COST,26,1892.15,49195.9
2019-01-31,1,CVX,71,703.79,49969.09
2019-01-31,1,SPLK,43,1154.78,49655.54
2019-01-31,1,SQ,36,1379.88,49675.68000000001
2019-01-31,1,SPHY,121,412.54,49917.340000000004
2019-01-31,1,SHY,132,377.25,49797.0
2019-01-31,1,ADP,249,200.14,49834.85999999999
2019-01-31,1,WMT,113,439.58,49672.54
2019-01-31,1,ABBV,22,2179.93,47958.46
2019-01-31,1,CRSP,219,227.77,49881.630000000005
2019-01-31,1,SPAB,45,1096.64,49348.8
2019-01-31,1,FLOT,43,1153.07,49582.009999999995
2019-01-31,1,VCSH,97,511.4,49605.799999999996
2019-01-31,1,LYFT,30,1660.95,49828.5
2019-01-31,1,UPWK,31,1592.8,49376.799999999996
2019-01-31,1,BLV,24,2049.72,49193.28
2019-01-31,1,ICSH,23,2164.73,49788.79
2019-01-31,1,TRU,79,631.01,49849.79
2019-01-31,1,SNAP,37,1330.23,49218.51
2019-02-28,1,SNPS,211,236.27,49852.97
2019-02-28,1,SHY,48,1029.65,49423.200000000004
2019-02-28,1,UBER,30,1647.47,49424.1
2019-02-28,1,SCHZ,24,2076.96,49847.04
2019-02-28,1,XPO,45,1088.08,48963.6
2019-02-28,1,VRSN,259,192.45,49844.549999999996
2019-02-28,1,NET,20,2496.99,49939.799999999996
2019-02-28,1,RUN,32,1523.82,48762.24
2019-02-28,1,OKTA,35,1419.61,49686.35
2019-02-28,1,PEP,23,2132.96,49058.08
2019-02-28,1,TTD,33,1507.84,49758.719999999994
2019-02-28,1,JKHY,22,2238.21,49240.62
2019-02-28,1,TWLO,48,1025.76,49236.479999999996
2019-02-28,1,MDB,34,1469.1,49949.399999999994
2019-02-28,1,BEAM,26,1902.5,49465.0
2019-02-28,1,TSLA,24,2051.81,49243.44
2019-02-28,1,EDIT,45,1094.84,49267.799999999996
2019-02-28,1,ICSH,22,2257.25,49659.5
2019-02-28,1,XOM,105,474.54,49826.700000000004
2019-02-28,1,SPGI,26,1896.83,49317.58
2019-03-31,1,ACN,32,1559.02,49888.64
2019-03-31,1,BRK-B,42,1182.01,49644.42
2019-03-31,1,LLY,34,1467.08,49880.72
2019-03-31,1,AMZN,44,1131.7,49794.8
2019-03-31,1,VGSH,20,2409.91,48198.2
2019-03-31,1,EDIT,27,1837.93,49624.11
2019-03-31,1,ADSK,31,1582.0,49042.0
2019-03-31,1,WFC,39,1261.92,49214.880000000005
2019-03-31,1,FLT,100,497.81,49781.0
2019-03-31,1,NFLX,54,912.81,49291.74
2019-03-31,1,ITB,148,335.75,49691.0
2019-03-31,1,XOM,23,2087.06,48002.38
2019-03-31,1,VCIT,37,1345.0,49765.0
2019-03-31,1,AAPL,29,1688.56,48968.24
2019-03-31,1,TRU,35,1426.54,49928.9
2019-03-31,1,NOW,20,2432.81,48656.2
2019-03-31,1,ZM,169,295.23,49893.87
2019-03-31,1,CRM,95,524.89,49864.549999999996
2019-03-31,1,BSV,51,974.25,49686.75
2019-03-31,1,TWLO,104,480.56,49978.24
2019-04-30,1,META,31,1580.64,48999.840000000004
2019-04-30,1,CRSP,28,1724.49,48285.72
2019-04-30,1,ABBV,75,660.33,49524.75
2019-04-30,1,NFLX,200,249.35,49870.0
2019-04-30,1,LYFT,40,1228.74,49149.6
2019-04-30,1,CSCO,44,1119.83,49272.52
2019-04-30,1,ADP,48,1024.45,49173.600000000006
2019-04-30,1,LQD,53,941.31,49889.43
2019-04-30,1,FDS,20,2458.31,49166.2
2019-04-30,1,SPGI,26,1881.3,48913.799999999996
2019-04-30,1,BRK-B,25,1938.64,48466.0
2019-04-30,1,TTD,311,160.65,49962.15
2019-04-30,1,VCSH,58,858.8,49810.399999999994
2019-04-30,1,INTU,21,2323.58,48795.18
2019-04-30,1,WU,36,1356.93,48849.48
2019-04-30,1,ABT,30,1626.07,48782.1
2019-04-30,1,FSLY,24,2042.96,49031.04
2019-04-30,1,DOCU,34,1433.14,48726.76
2019-04-30,1,TLT,169,295.81,49991.89
2019-04-30,1,IHS,28,1759.22,49258.16
2019-05-31,1,META,30,1651.76,49552.8
2019-05-31,1,BIV,32,1548.42,49549.44
2019-05-31,1,SHOP,117,424.04,49612.68
2019-05-31,1,DDOG,175,285.29,49925.75
2019-05-31,1,ARWR,55,901.14,49562.7
2019-05-31,1,NVDA,46,1085.31,49924.259999999995
2019-05-31,1,ISRG,33,1485.59,49024.469999999994
2019-05-31,1,VCSH,26,1889.55,49128.299999999996
2019-05-31,1,FICO,81,609.91,49402.71
2019-05-31,1,AMZN,155,321.43,49821.65
2019-05-31,1,UBER,32,1536.3,49161.6
2019-05-31,1,JPM,27,1850.7,49968.9
2019-05-31,1,NVCR,29,1675.18,48580.22
2019-05-31,1,WU,30,1653.71,49611.3
2019-05-31,1,MDB,21,2351.73,49386.33
2019-05-31,1,IBB,92,539.64,49646.88
2019-05-31,1,SPGI,29,1673.57,48533.53
2019-05-31,1,ADSK,35,1414.15,49495.25
2019-05-31,1,GPN,29,1670.05,48431.45
2019-05-31,1,TPIC,74,671.0,49654.0
2019-06-30,1,SNOW,23,2156.19,49592.37
2019-06-30,1,IWF,36,1355.25,48789.0
2019-06-30,1,BLV,25,1960.77,49019.25
2019-06-30,1,MSCI,43,1140.48,49040.64
2019-06-30,1,AKAM,48,1029.41,49411.68000000001
2019-06-30,1,RUN,60,832.84,49970.4
2019-06-30,1,TNDM,44,1119.25,49247.0
2019-06-30,1,AMZN,31,1577.48,48901.88
2019-06-30,1,TTD,42,1164.08,48891.36
2019-06-30,1,META,25,1942.27,48556.75
2019-06-30,1,UPWK,32,1544.95,49438.4
2019-06-30,1,WMT,151,330.32,49878.32
2019-06-30,1,SHOP,22,2194.6,48281.2
2019-06-30,1,JPM,26,1900.09,49402.34
2019-06-30,1,COST,101,492.54,49746.54
2019-06-30,1,WDAY,46,1066.11,49041.06
2019-06-30,1,MCO,44,1124.46,49476.240000000005
2019-06-30,1,PAYX,36,1352.86,48702.96
2019-06-30,1,BABA,33,1492.29,49245.57
2019-06-30,1,ORCL,141,353.32,49818.12
2019-07-31,1,CDNS,95,525.77,49948.15
2019-07-31,1,PFE,49,1006.6,49323.4
2019-07-31,1,ZS,20,2385.5,47710.0
2019-07-31,1,TNDM,58,859.97,49878.26
2019-07-31,1,ABT,73,678.17,49506.409999999996
2019-07-31,1,ORCL,22,2238.8,49253.600000000006
2019-07-31,1,AVGO,42,1166.3,48984.6
2019-07-31,1,WMT,38,1312.06,49858.28
2019-07-31,1,NFLX,24,2022.84,48548.159999999996
2019-07-31,1,XOM,41,1208.44,49546.04
2019-07-31,1,JNK,43,1145.56,49259.079999999994
2019-07-31,1,NTLA,37,1329.52,49192.24
2019-07-31,1,RDFN,140,355.92,49828.8
2019-07-31,1,HD,67,736.45,49342.15
2019-07-31,1,JKHY,199,250.57,49863.43
2019-07-31,1,ICE,45,1093.3,49198.5
2019-07-31,1,CME,219,227.48,49818.119999999995
2019-07-31,1,AMZN,36,1381.35,49728.6
2019-07-31,1,VZ,77,642.11,49442.47
2019-07-31,1,MA,24,2005.93,48142.32
2019-08-31,1,MSCI,34,1450.66,49322.44
2019-08-31,1,JKHY,76,656.69,49908.44
2019-08-31,1,TXN,34,1445.42,49144.28
2019-08-31,1,INTU,115,431.56,49629.4
2019-08-31,1,VCIT,88,566.13,49819.44
2019-08-31,1,ZS,64,780.18,49931.52
2019-08-31,1,AGG,32,1535.14,49124.48
2019-08-31,1,SNAP,52,944.02,49089.04
2019-08-31,1,FAST,52,961.11,49977.72
2019-08-31,1,ESTC,28,1758.02,49224.56
2019-08-31,1,TSLA,33,1486.8,49064.4
2019-08-31,1,AAPL,21,2318.19,48681.99
2019-08-31,1,NFLX,160,312.02,49923.2
2019-08-31,1,MKTX,51,962.03,49063.53
2019-08-31,1,PFE,33,1510.23,49837.590000000004
2019-08-31,1,SHOP,42,1186.44,49830.48
2019-08-31,1,ANSS,20,2420.98,48419.6
2019-08-31,1,ICSH,47,1059.02,49773.94
2019-08-31,1,JNK,35,1407.46,49261.1
2019-08-31,1,PEP,20,2454.92,49098.4
2019-09-30,1,XOM,25,1987.32,49683.0
2019-09-30,1,NVCR,23,2163.03,49749.69
2019-09-30,1,RUN,26,1919.2,49899.200000000004
2019-09-30,1,SHY,33,1493.62,49289.46
2019-09-30,1,SQ,22,2271.85,49980.7
2019-09-30,1,PLTR,67,740.7,49626.9
2019-09-30,1,TSLA,26,1884.35,48993.1
2019-09-30,1,NVDA,24,2027.14,48651.36
2019-09-30,1,MKTX,22,2265.45,49839.899999999994
2019-09-30,1,SCHO,245,204.01,49982.45
2019-09-30,1,JPM,37,1337.05,49470.85
2019-09-30,1,JNJ,20,2401.22,48024.399999999994
2019-09-30,1,SNPS,46,1083.43,49837.780000000006
2019-09-30,1,PFE,170,292.47,49719.9
2019-09-30,1,BRK-B,84,588.44,49428.96000000001
2019-09-30,1,CME,90,554.67,49920.299999999996
2019-09-30,1,MSFT,23,2098.5,48265.5
2019-09-30,1,PEP,21,2290.42,48098.82
2019-09-30,1,CVX,57,872.52,49733.64
2019-09-30,1,GOOGL,52,950.53,49427.56
2019-10-31,1,TRU,178,279.86,49815.08
2019-10-31,1,IEF,31,1573.61,48781.909999999996
2019-10-31,1,LYFT,37,1322.58,48935.46
2019-10-31,1,SCHO,21,2324.13,48806.73
2019-10-31,1,BLV,26,1902.93,49476.18
2019-10-31,1,NFLX,40,1245.21,49808.4
2019-10-31,1,WDAY,33,1478.32,48784.56
2019-10-31,1,ABT,38,1315.42,49985.96000000001
2019-10-31,1,LQD,36,1385.65,49883.4
2019-10-31,1,TEAM,40,1221.91,48876.4
2019-10-31,1,SNAP,24,2067.25,49614.0
2019-10-31,1,V,42,1163.02,48846.84
2019-10-31,1,JNJ,23,2149.86,49446.780000000006
2019-10-31,1,UNH,56,886.44,49640.64
2019-10-31,1,HON,34,1428.82,48579.88
2019-10-31,1,SNOW,22,2267.25,49879.5
2019-10-31,1,IWF,55,900.76,49541.8
2019-10-31,1,JPM,27,1827.03,49329.81
2019-10-31,1,ZM,38,1296.85,49280.299999999996
2019-10-31,1,ACN,42,1168.6,49081.2
2019-11-30,1,SQ,27,1791.68,48375.36
2019-11-30,1,MUB,101,492.58,49750.58
2019-11-30,1,FVRR,140,354.62,49646.8
2019-11-30,1,VZ,24,2000.17,48004.08
2019-11-30,1,IYR,109,456.19,49724.71
2019-11-30,1,FLT,30,1642.51,49275.3
2019-11-30,1,IHS,49,1017.36,49850.64
2019-11-30,1,NFLX,33,1506.47,49713.51
2019-11-30,1,INTC,36,1370.83,49349.88
2019-11-30,1,PAYX,97,512.95,49756.15
2019-11-30,1,WFC,169,295.13,49876.97
2019-11-30,1,IBB,36,1369.31,49295.159999999996
2019-11-30,1,DIS,31,1612.44,49985.64
2019-11-30,1,MKTX,37,1340.16,49585.920000000006
2019-11-30,1,BLV,20,2420.29,48405.8
2019-11-30,1,ZS,27,1808.34,48825.18
2019-11-30,1,SNOW,45,1105.09,49729.049999999996
2019-11-30,1,INMD,27,1843.94,49786.380000000005
2019-11-30,1,CVX,21,2342.6,49194.6
2019-11-30,1,HON,67,735.95,49308.65
2019-12-31,1,JPM,23,2160.73,49696.79
2019-12-31,1,FICO,22,2196.3,48318.600000000006
2019-12-31,1,INMD,36,1362.6,49053.6
2019-12-31,1,DOCU,20,2393.35,47867.0
2019-12-31,1,HON,58,861.5,49967.0
2019-12-31,1,META,26,1880.46,48891.96
2019-12-31,1,TTD,50,988.48,49424.0
2019-12-31,1,WFC,24,2004.76,48114.24
2019-12-31,1,FVRR,138,359.89,49664.82
2019-12-31,1,IBB,22,2226.85,48990.7
2019-12-31,1,FLOT,44,1119.16,49243.04
2019-12-31,1,DIS,38,1295.93,49245.340000000004
2019-12-31,1,MBB,192,260.3,49977.600000000006
2019-12-31,1,VRSN,23,2121.54,48795.42
2019-12-31,1,CVX,26,1908.68,49625.68
2019-12-31,1,NFLX,234,212.88,49813.92
2019-12-31,1,BSV,52,948.49,49321.48
2019-12-31,1,MINT,91,547.41,49814.31
2019-12-31,1,INTU,28,1784.41,49963.48
2019-12-31,1,VGSH,163,305.31,49765.53
2020-01-31,1,ORCL,98,505.98,49586.04
2020-01-31,1,CRM,43,1145.26,49246.18
2020-01-31,1,ISRG,24,2055.2,49324.799999999996
2020-01-31,1,CRSP,20,2404.29,48085.8
2020-01-31,1,LQD,65,757.59,49243.35
2020-01-31,1,FLOT,25,1949.97,48749.25
2020-01-31,1,ADP,35,1412.1,49423.5
2020-01-31,1,MCO,110,452.66,49792.600000000006
2020-01-31,1,IYR,28,1776.82,49750.96
2020-01-31,1,LYFT,21,2304.65,48397.65
2020-01-31,1,ADSK,20,2454.59,49091.8
2020-01-31,1,NET,28,1734.41,48563.48
2020-01-31,1,TLT,114,435.21,49613.939999999995
2020-01-31,1,BAC,22,2239.02,49258.44
2020-01-31,1,BLV,31,1587.85,49223.35
2020-01-31,1,NVCR,173,288.19,49856.87
2020-01-31,1,ABBV,139,358.22,49792.58
2020-01-31,1,MDT,86,579.3,49819.799999999996
2020-01-31,1,UBER,22,2193.51,48257.22
2020-01-31,1,CME,20,2457.5,49150.0
2020-02-29,1,AMZN,73,682.8,49844.399999999994
2020-02-29,1,TLT,150,331.66,49749.00000000001
2020-02-29,1,HON,41,1212.25,49702.25
2020-02-29,1,VGSH,20,2398.59,47971.8
2020-02-29,1,UPWK,25,1959.25,48981.25
2020-02-29,1,SNPS,26,1874.13,48727.380000000005
2020-02-29,1,TEAM,52,958.46,49839.92
2020-02-29,1,NFLX,24,2062.88,49509.12
2020-02-29,1,TXN,32,1557.9,49852.8
2020-02-29,1,FSLY,89,560.01,49840.89
2020-02-29,1,ADSK,40,1240.3,49612.0
2020-02-29,1,MBB,44,1116.49,49125.56
2020-02-29,1,FICO,31,1577.66,48907.46
2020-02-29,1,BSV,40,1236.59,49463.6
2020-02-29,1,PLTR,43,1148.85,49400.549999999996
2020-02-29,1,IWF,39,1252.54,48849.06
2020-02-29,1,LYFT,216,230.76,49844.159999999996
2020-02-29,1,ARWR,33,1499.78,49492.74
2020-02-29,1,EFX,30,1622.61,48678.299999999996
2020-02-29,1,OKTA,36,1384.89,49856.04
2020-03-31,1,MINT,61,814.76,49700.36
2020-03-31,1,NTLA,20,2437.73,48754.6
2020-03-31,1,FLT,29,1679.83,48715.07
2020-03-31,1,TTD,23,2110.77,48547.71
2020-03-31,1,SNPS,64,780.49,49951.36
2020-03-31,1,SPLK,70,712.18,49852.6
2020-03-31,1,TWLO,23,2142.82,49284.86
2020-03-31,1,ESTC,151,329.38,49736.38
2020-03-31,1,ICSH,23,2091.17,48096.91
2020-03-31,1,NVCR,88,567.17,49910.96
2020-03-31,1,DDOG,30,1641.0,49230.0
2020-03-31,1,NET,26,1897.8,49342.799999999996
2020-03-31,1,XOM,22,2258.31,49682.82
2020-03-31,1,SHOP,46,1081.02,49726.92
2020-03-31,1,ZS,27,1833.55,49505.85
2020-03-31,1,ACN,40,1235.02,49400.8
2020-03-31,1,ITB,29,1695.3,49163.7
2020-03-31,1,VCIT,29,1715.48,49748.92
2020-03-31,1,DIS,233,214.02,49866.66
2020-03-31,1,HD,25,1974.13,49353.25
2020-04-30,1,SPLK,46,1073.73,49391.58
2020-04-30,1,WDAY,119,417.96,49737.24
2020-04-30,1,RDFN,33,1473.13,48613.29
2020-04-30,1,AVGO,89,561.2,49946.8
2020-04-30,1,CRWD,74,668.04,49434.96
2020-04-30,1,RUN,35,1393.56,48774.6
2020-04-30,1,VZ,34,1433.26,48730.84
2020-04-30,1,TXN,24,2068.09,49634.16
2020-04-30,1,BND,99,504.9,49985.1
2020-04-30,1,CSCO,31,1611.84,49967.04
2020-04-30,1,CME,54,911.23,49206.42
2020-04-30,1,LLY,95,524.94,49869.3
2020-04-30,1,WU,33,1475.88,48704.04
2020-04-30,1,AGG,22,2216.14,48755.079999999994
2020-04-30,1,FAST,31,1585.44,49148.64
2020-04-30,1,MKTX,34,1433.56,48741.04
2020-04-30,1,SPHY,31,1585.21,49141.51
2020-04-30,1,ESTC,34,1449.1,49269.399999999994
2020-04-30,1,GOOGL,58,848.28,49200.24
2020-04-30,1,TWLO,97,512.47,49709.590000000004
2020-05-31,1,ANSS,38,1315.34,49982.92
2020-05-31,1,ITB,42,1168.7,49085.4
2020-05-31,1,SCHZ,45,1088.92,49001.4
2020-05-31,1,HON,26,1887.74,49081.24
2020-05-31,1,TMO,31,1609.84,49905.04
2020-05-31,1,DIS,156,319.65,49865.399999999994
2020-05-31,1,SPAB,54,910.38,49160.52
2020-05-31,1,NFLX,35,1400.85,49029.75
2020-05-31,1,BLV,25,1988.24,49706.0
2020-05-31,1,HYG,33,1503.57,49617.81
2020-05-31,1,VCSH,33,1476.09,48710.969999999994
2020-05-31,1,NKE,48,1037.26,49788.479999999996
2020-05-31,1,V,33,1472.52,48593.159999999996
2020-05-31,1,EDIT,50,986.58,49329.0
2020-05-31,1,JNJ,26,1896.36,49305.36
2020-05-31,1,LLY,76,653.39,49657.64
2020-05-31,1,IYR,53,938.55,49743.149999999994
2020-05-31,1,WMT,41,1216.9,49892.9
2020-05-31,1,TWLO,26,1867.89,48565.14
2020-05-31,1,NET,20,2465.29,49305.8
2020-06-30,1,ITB,32,1542.74,49367.68
2020-06-30,1,CRWD,34,1460.95,49672.3
2020-06-30,1,OKTA,23,2105.18,48419.14
2020-06-30,1,CSCO,54,918.66,49607.64
2020-06-30,1,TTD,28,1733.25,48531.0
2020-06-30,1,MRK,74,669.25,49524.5
2020-06-30,1,SNAP,42,1177.97,49474.74
2020-06-30,1,RDFN,42,1178.91,49514.22
2020-06-30,1,ZS,55,906.57,49861.350000000006
2020-06-30,1,CDNS,21,2295.94,48214.74
2020-06-30,1,IEF,32,1557.43,49837.76
2020-06-30,1,NFLX,115,433.28,49827.2
2020-06-30,1,SPAB,20,2470.97,49419.399999999994
2020-06-30,1,ESTC,21,2295.09,48196.89
2020-06-30,1,WFC,38,1287.08,48909.03999999999
2020-06-30,1,VZ,37,1323.06,48953.22
2020-06-30,1,NET,47,1052.29,49457.63
2020-06-30,1,MINT,205,242.99,49812.950000000004
2020-06-30,1,PAYX,24,2066.45,49594.799999999996
2020-06-30,1,ISRG,23,2099.27,48283.21
2020-07-31,1,JPM,48,1037.67,49808.16
2020-07-31,1,WDAY,39,1262.06,49220.34
2020-07-31,1,MKTX,25,1964.51,49112.75
2020-07-31,1,UPWK,27,1821.8,49188.6
2020-07-31,1,ICSH,28,1768.52,49518.56
2020-07-31,1,BLV,24,2080.54,49932.96
2020-07-31,1,PLTR,26,1909.24,49640.24
2020-07-31,1,SNOW,25,1937.08,48427.0
2020-07-31,1,TSLA,39,1270.16,49536.240000000005
2020-07-31,1,AAPL,92,541.67,49833.64
2020-07-31,1,SPLK,21,2282.98,47942.58
2020-07-31,1,CSCO,24,2069.7,49672.799999999996
2020-07-31,1,ADSK,164,304.25,49897.0
2020-07-31,1,MINT,42,1187.1,49858.2
2020-07-31,1,QCOM,21,2285.84,48002.64
2020-07-31,1,RDFN,21,2288.74,48063.53999999999
2020-07-31,1,TTD,37,1343.33,49703.21
2020-07-31,1,DIS,36,1363.93,49101.48
2020-07-31,1,ESTC,21,2341.16,49164.36
2020-07-31,1,FVRR,43,1136.38,48864.340000000004
2020-08-31,1,INTU,45,1108.73,49892.85
2020-08-31,1,SPGI,22,2252.35,49551.7
2020-08-31,1,FDS,112,445.27,49870.24
2020-08-31,1,ISRG,20,2391.8,47836.0
2020-08-31,1,DOCU,43,1151.31,49506.329999999994
2020-08-31,1,ZS,23,2133.12,49061.759999999995
2020-08-31,1,SCHO,28,1755.6,49156.799999999996
2020-08-31,1,ANSS,41,1190.76,48821.159999999996
2020-08-31,1,HON,21,2328.24,48893.03999999999
2020-08-31,1,CRM,20,2429.41,48588.2
2020-08-31,1,CME,26,1878.81,48849.06
2020-08-31,1,MCO,37,1332.86,49315.82
2020-08-31,1,NDAQ,50,994.44,49722.0
2020-08-31,1,FVRR,233,214.07,49878.31
2020-08-31,1,ABBV,264,188.9,49869.6
2020-08-31,1,NKE,22,2230.57,49072.54
2020-08-31,1,SAP,31,1601.37,49642.469999999994
2020-08-31,1,AAPL,23,2085.26,47960.98
2020-08-31,1,ITB,31,1582.06,49043.86
2020-08-31,1,TLT,56,890.61,49874.16
2020-09-30,1,MSFT,108,462.83,49985.64
2020-09-30,1,FICO,39,1268.21,49460.19
2020-09-30,1,MINT,85,585.67,49781.95
2020-09-30,1,BAC,149,335.43,49979.07
2020-09-30,1,WFC,24,2019.18,48460.32
2020-09-30,1,NTLA,26,1856.01,48256.26
2020-09-30,1,CDNS,223,223.87,49923.01
2020-09-30,1,PG,31,1593.7,49404.700000000004
2020-09-30,1,TSLA,24,2061.15,49467.600000000006
2020-09-30,1,WDAY,119,417.62,49696.78
2020-09-30,1,NFLX,21,2293.26,48158.46000000001
2020-09-30,1,ADBE,65,759.23,49349.950000000004
2020-09-30,1,MCD,26,1892.56,49206.56
2020-09-30,1,FVRR,141,352.95,49765.95
2020-09-30,1,IWD,189,263.21,49746.689999999995
2020-09-30,1,TPIC,39,1260.77,49170.03
2020-09-30,1,JNK,22,2243.89,49365.579999999994
2020-09-30,1,UBER,54,924.44,49919.76
2020-09-30,1,SNOW,60,830.95,49857.0
2020-09-30,1,CME,43,1146.57,49302.509999999995
2020-10-31,1,IBM,20,2396.68,47933.6
2020-10-31,1,NFLX,125,399.34,49917.5
2020-10-31,1,GPN,46,1085.85,49949.1
2020-10-31,1,RUN,41,1197.98,49117.18
2020-10-31,1,ISRG,25,1936.26,48406.5
2020-10-31,1,MDT,46,1063.94,48941.240000000005
2020-10-31,1,SPHY,61,811.28,49488.08
2020-10-31,1,CSCO,40,1243.62,49744.799999999996
2020-10-31,1,JNJ,27,1786.53,48236.31
2020-10-31,1,NTLA,21,2313.79,48589.59
2020-10-31,1,TTD,52,944.17,49096.84
2020-10-31,1,AVGO,320,155.95,49904.0
2020-10-31,1,VZ,244,204.68,49941.92
2020-10-31,1,WDAY,78,634.34,49478.520000000004
2020-10-31,1,MSFT,29,1668.73,48393.17
2020-10-31,1,FVRR,67,743.68,49826.56
2020-10-31,1,WMT,36,1357.46,48868.56
2020-10-31,1,FLT,23,2150.89,49470.469999999994
2020-10-31,1,HYG,22,2246.59,49424.98
2020-10-31,1,SPLK,27,1835.96,49570.92
2020-11-30,1,ACN,24,2059.17,49420.08
2020-11-30,1,DOCU,35,1398.99,48964.65
2020-11-30,1,LQD,45,1110.03,49951.35
2020-11-30,1,PLTR,284,175.55,49856.200000000004
2020-11-30,1,ZS,20,2468.27,49365.4
2020-11-30,1,TSLA,34,1467.98,49911.32
2020-11-30,1,AMZN,20,2397.7,47954.0
2020-11-30,1,TXN,28,1761.82,49330.96
2020-11-30,1,NFLX,20,2411.76,48235.200000000004
2020-11-30,1,VRSN,21,2374.25,49859.25
2020-11-30,1,IWD,39,1279.54,49902.06
2020-11-30,1,RUN,24,2075.84,49820.16
2020-11-30,1,BABA,54,910.94,49190.76
2020-11-30,1,QCOM,21,2299.9,48297.9
2020-11-30,1,NKE,51,978.77,49917.27
2020-11-30,1,AMD,22,2261.12,49744.64
2020-11-30,1,MCD,58,852.6,49450.8
2020-11-30,1,GPN,21,2322.94,48781.74
2020-11-30,1,INTU,172,289.14,49732.079999999994
2020-11-30,1,IBB,25,1944.82,48620.5
2020-12-31,1,GOOGL,180,277.05,49869.0
2020-12-31,1,AVGO,46,1081.11,49731.06
2020-12-31,1,ORCL,51,971.85,49564.35
2020-12-31,1,WU,27,1840.29,49687.83
2020-12-31,1,CDNS,40,1247.21,49888.4
2020-12-31,1,NTLA,69,714.56,49304.64
2020-12-31,1,TXN,24,2065.02,49560.479999999996
2020-12-31,1,NVDA,100,496.18,49618.0
2020-12-31,1,NET,20,2426.94,48538.8
2020-12-31,1,EDIT,28,1743.05,48805.4
2020-12-31,1,ANSS,38,1304.63,49575.94
2020-12-31,1,ESTC,34,1439.14,48930.76
2020-12-31,1,WMT,63,791.9,49889.7
2020-12-31,1,IYR,182,273.77,49826.14
2020-12-31,1,INMD,67,741.43,49675.81
2020-12-31,1,SPLK,57,862.8,49179.6
2020-12-31,1,DDOG,44,1130.89,49759.16
2020-12-31,1,TMO,24,2062.28,49494.72
2020-12-31,1,HD,48,1031.72,49522.56
2020-12-31,1,IHS,42,1180.83,49594.86
2021-01-31,1,ACN,40,1245.66,49826.4
2021-01-31,1,TRU,26,1884.07,48985.82
2021-01-31,1,AMZN,27,1834.02,49518.54
2021-01-31,1,BAC,126,393.79,49617.54
2021-01-31,1,BABA,244,204.18,49819.92
2021-01-31,1,VGSH,22,2202.51,48455.22
2021-01-31,1,ICSH,206,242.28,49909.68
2021-01-31,1,ICE,25,1989.64,49741.0
2021-01-31,1,DDOG,75,662.85,49713.75
2021-01-31,1,SHOP,28,1776.53,49742.84
2021-01-31,1,WMT,50,992.51,49625.5
2021-01-31,1,HON,45,1109.23,49915.35
2021-01-31,1,CSCO,21,2364.3,49650.3
2021-01-31,1,ZS,30,1652.08,49562.399999999994
2021-01-31,1,INTC,51,972.71,49608.21
2021-01-31,1,MINT,127,392.17,49805.590000000004
2021-01-31,1,MDT,23,2129.43,48976.89
2021-01-31,1,SNAP,42,1165.21,48938.82
2021-01-31,1,HYG,23,2121.24,48788.52
2021-01-31,1,TSLA,45,1107.85,49853.24999999999
2021-02-28,1,VGSH,28,1760.03,49280.84
2021-02-28,1,GOOGL,20,2387.19,47743.8
2021-02-28,1,FLT,28,1726.19,48333.32
2021-02-28,1,NET,57,870.4,49612.799999999996
2021-02-28,1,BIV,83,598.54,49678.82
2021-02-28,1,ISRG,27,1826.0,49302.0
2021-02-28,1,DIS,35,1410.68,49373.8
2021-02-28,1,AMD,53,934.04,49504.119999999995
2021-02-28,1,BRK-B,30,1639.91,49197.3
2021-02-28,1,JKHY,34,1444.44,49110.96
2021-02-28,1,SAP,144,345.31,49724.64
2021-02-28,1,FAST,34,1433.3,48732.2
2021-02-28,1,IBB,39,1257.07,49025.729999999996
2021-02-28,1,TTD,194,257.48,49951.12
2021-02-28,1,TNDM,75,660.14,49510.5
2021-02-28,1,INMD,33,1487.98,49103.340000000004
2021-02-28,1,BAC,39,1268.0,49452.0
2021-02-28,1,IWF,147,337.97,49681.590000000004
2021-02-28,1,TLT,44,1113.23,48982.12
2021-02-28,1,BND,21,2276.22,47800.619999999995
2021-03-31,1,CSGP,276,180.62,49851.12
2021-03-31,1,INTU,24,2051.58,49237.92
2021-03-31,1,SAP,25,1938.82,48470.5
2021-03-31,1,MCD,23,2129.26,48972.98
2021-03-31,1,TPIC,34,1466.47,49859.98
2021-03-31,1,AAPL,22,2224.7,48943.399999999994
2021-03-31,1,FICO,31,1579.58,48966.979999999996
2021-03-31,1,PEP,32,1538.13,49220.16
2021-03-31,1,SHOP,51,980.22,49991.22
2021-03-31,1,ACN,33,1509.97,49829.01
2021-03-31,1,PLTR,20,2483.2,49664.0
2021-03-31,1,IYR,52,949.33,49365.16
2021-03-31,1,INTC,22,2239.99,49279.78
2021-03-31,1,QCOM,53,933.46,49473.380000000005
2021-03-31,1,SPGI,43,1141.22,49072.46
2021-03-31,1,MSFT,136,366.43,49834.48
2021-03-31,1,NTLA,29,1723.85,49991.649999999994
2021-03-31,1,LQD,47,1054.87,49578.88999999999
2021-03-31,1,SPGI,23,2135.51,49116.73
2021-03-31,1,SPIB,49,1020.32,49995.68
2021-04-30,1,SCHO,162,308.21,49930.02
2021-04-30,1,WDAY,63,788.35,49666.05
2021-04-30,1,IHS,32,1515.94,48510.08
2021-04-30,1,PLTR,20,2419.0,48380.0
2021-04-30,1,KO,34,1459.1,49609.399999999994
2021-04-30,1,JPM,53,930.6,49321.8
2021-04-30,1,INTU,32,1521.29,48681.28
2021-04-30,1,IYR,41,1211.43,49668.630000000005
2021-04-30,1,LYFT,21,2375.53,49886.130000000005
2021-04-30,1,ITB,39,1268.79,49482.81
2021-04-30,1,NVCR,40,1223.23,48929.2
2021-04-30,1,IBB,139,357.45,49685.549999999996
2021-04-30,1,LQD,75,661.22,49591.5
2021-04-30,1,ADP,22,2261.22,49746.84
2021-04-30,1,IEF,44,1112.03,48929.32
2021-04-30,1,NFLX,65,767.7,49900.5
2021-04-30,1,EFX,28,1766.67,49466.76
2021-04-30,1,BIV,97,510.6,49528.200000000004
2021-04-30,1,ICSH,20,2459.69,49193.8
2021-04-30,1,SPIB,30,1642.9,49287.0
2021-05-31,1,MUB,43,1145.42,49253.060000000005
2021-05-31,1,ACN,80,622.56,49804.799999999996
2021-05-31,1,INTC,71,703.64,49958.44
2021-05-31,1,V,35,1421.83,49764.049999999996
2021-05-31,1,NKE,60,820.58,49234.8
2021-05-31,1,AMD,33,1494.97,49334.01
2021-05-31,1,BEAM,32,1527.49,48879.68
2021-05-31,1,ITB,37,1341.86,49648.82
2021-05-31,1,WU,95,523.01,49685.95
2021-05-31,1,VRSN,59,844.31,49814.28999999999
2021-05-31,1,GPN,22,2209.91,48618.02
2021-05-31,1,VCIT,20,2399.28,47985.600000000006
2021-05-31,1,ARWR,22,2245.88,49409.36
2021-05-31,1,INTU,61,815.12,49722.32
2021-05-31,1,AAPL,36,1374.16,49469.76
2021-05-31,1,TPIC,42,1185.74,49801.08
2021-05-31,1,JNK,22,2226.96,48993.12
2021-05-31,1,PLTR,20,2426.3,48526.0
2021-05-31,1,TSLA,46,1078.41,49606.86
2021-05-31,1,FLT,26,1856.81,48277.06
2021-06-30,1,NET,28,1751.64,49045.920000000006
2021-06-30,1,BIV,56,890.76,49882.56
2021-06-30,1,MDB,41,1211.39,49666.990000000005
2021-06-30,1,PEP,311,160.39,49881.28999999999
2021-06-30,1,SAP,30,1620.62,48618.6
2021-06-30,1,ABBV,24,2067.77,49626.479999999996
2021-06-30,1,BRK-B,65,763.2,49608.0
2021-06-30,1,MDT,20,2477.58,49551.6
2021-06-30,1,NDAQ,20,2460.94,49218.8
2021-06-30,1,SNAP,80,619.67,49573.6
2021-06-30,1,NTLA,201,247.86,49819.86
2021-06-30,1,SPGI,34,1453.03,49403.02
2021-06-30,1,FLOT,70,711.63,49814.1
2021-06-30,1,ITB,32,1527.25,48872.0
2021-06-30,1,UNH,25,1991.73,49793.25
2021-06-30,1,INMD,25,1959.19,48979.75
2021-06-30,1,QCOM,50,997.5,49875.0
2021-06-30,1,HYG,75,658.85,49413.75
2021-06-30,1,ACN,21,2286.16,48009.36
2021-06-30,1,SQ,30,1634.8,49044.0
2021-07-31,1,SNOW,65,765.41,49751.65
2021-07-31,1,GOOGL,54,921.99,49787.46
2021-07-31,1,VGSH,43,1150.38,49466.340000000004
2021-07-31,1,MSCI,27,1840.35,49689.45
2021-07-31,1,SAP,70,714.27,49998.9
2021-07-31,1,SCHZ,84,593.65,49866.6
2021-07-31,1,AMZN,21,2365.67,49679.07
2021-07-31,1,ZM,163,305.24,49754.12
2021-07-31,1,ABBV,24,2031.98,48767.520000000004
2021-07-31,1,CME,55,901.46,49580.3
2021-07-31,1,ACN,31,1579.29,48957.99
2021-07-31,1,ESTC,28,1768.39,49514.920000000006
2021-07-31,1,FVRR,24,2043.65,49047.600000000006
2021-07-31,1,IBB,65,766.37,49814.05
2021-07-31,1,MBB,23,2103.72,48385.56
2021-07-31,1,JPM,38,1292.75,49124.5
2021-07-31,1,ZS,130,383.38,49839.4
2021-07-31,1,DIS,64,776.61,49703.04
2021-07-31,1,AAPL,22,2174.71,47843.62
2021-07-31,1,MUB,25,1968.19,49204.75
2021-08-31,1,ORCL,22,2215.71,48745.62
2021-08-31,1,NDAQ,24,2022.7,48544.8
2021-08-31,1,XPO,31,1574.71,48816.01
2021-08-31,1,MDB,192,259.72,49866.240000000005
2021-08-31,1,SHOP,67,738.04,49448.68
2021-08-31,1,FLT,25,1977.32,49433.0
2021-08-31,1,FAST,45,1102.55,49614.75
2021-08-31,1,GOOGL,20,2427.52,48550.4
2021-08-31,1,ICSH,95,524.28,49806.6
2021-08-31,1,CSGP,37,1346.6,49824.2
2021-08-31,1,EFX,29,1677.89,48658.810000000005
2021-08-31,1,SAP,100,498.24,49824.0
2021-08-31,1,TXN,93,533.98,49660.14
2021-08-31,1,CRSP,80,623.82,49905.600000000006
2021-08-31,1,DDOG,25,1948.27,48706.75
2021-08-31,1,HD,128,390.45,49977.6
2021-08-31,1,BAC,39,1274.7,49713.3
2021-08-31,1,SCHO,24,2003.76,48090.24
2021-08-31,1,NTLA,39,1281.95,49996.05
2021-08-31,1,ANSS,22,2209.13,48600.86
2021-09-30,1,ADP,70,710.31,49721.7
2021-09-30,1,SPIB,66,754.89,49822.74
2021-09-30,1,DDOG,32,1543.93,49405.76
2021-09-30,1,NDAQ,26,1908.27,49615.02
2021-09-30,1,AMD,30,1614.3,48429.0
2021-09-30,1,DOCU,22,2179.37,47946.14
2021-09-30,1,EDIT,41,1194.81,48987.21
2021-09-30,1,INTU,24,2077.67,49864.08
2021-09-30,1,GPN,31,1591.09,49323.79
2021-09-30,1,IYR,23,2164.13,49774.990000000005
2021-09-30,1,LQD,38,1299.1,49365.799999999996
2021-09-30,1,LQD,92,538.52,49543.84
2021-09-30,1,WFC,158,315.18,49798.44
2021-09-30,1,ADBE,78,635.26,49550.28
2021-09-30,1,GOOGL,78,638.23,49781.94
2021-09-30,1,ADP,189,263.73,49844.97
2021-09-30,1,FDS,32,1549.89,49596.48
2021-09-30,1,WU,24,2006.59,48158.159999999996
2021-09-30,1,AAPL,238,209.87,49949.06
2021-09-30,1,CRSP,152,327.43,49769.36
2021-10-31,1,BAC,71,699.57,49669.47
2021-10-31,1,HON,23,2146.83,49377.09
2021-10-31,1,DDOG,225,222.07,49965.75
2021-10-31,1,ADP,22,2237.99,49235.78
2021-10-31,1,LQD,41,1200.29,49211.89
2021-10-31,1,ORCL,29,1669.16,48405.64
2021-10-31,1,SCHO,28,1741.99,48775.72
2021-10-31,1,ABT,48,1028.46,49366.08
2021-10-31,1,JNK,60,825.17,49510.2
2021-10-31,1,OKTA,26,1869.68,48611.68
2021-10-31,1,SNPS,21,2348.39,49316.189999999995
2021-10-31,1,SPGI,119,418.79,49836.01
2021-10-31,1,ORCL,22,2181.49,47992.78
2021-10-31,1,LYFT,22,2232.46,49114.12
2021-10-31,1,SAP,20,2478.4,49568.0
2021-10-31,1,ESTC,48,1032.0,49536.0
2021-10-31,1,CRWD,36,1386.76,49923.36
2021-10-31,1,PEP,89,557.67,49632.63
2021-10-31,1,TMO,27,1799.57,48588.39
2021-10-31,1,SPHY,177,282.09,49929.92999999999
2021-11-30,1,FAST,22,2229.67,49052.740000000005
2021-11-30,1,ANSS,34,1447.25,49206.5
2021-11-30,1,VCIT,34,1441.74,49019.16
2021-11-30,1,SNPS,39,1258.96,49099.44
2021-11-30,1,IEF,36,1380.38,49693.68000000001
2021-11-30,1,NET,63,785.11,49461.93
2021-11-30,1,ADSK,91,546.54,49735.14
2021-11-30,1,SCHO,21,2350.12,49352.52
2021-11-30,1,MUB,234,212.95,49830.299999999996
2021-11-30,1,SPIB,20,2487.71,49754.2
2021-11-30,1,DDOG,27,1837.78,49620.06
2021-11-30,1,PAYX,63,786.91,49575.329999999994
2021-11-30,1,VZ,86,575.71,49511.060000000005
2021-11-30,1,AGG,123,405.01,49816.229999999996
2021-11-30,1,TXN,26,1885.09,49012.34
2021-11-30,1,PG,51,969.8,49459.799999999996
2021-11-30,1,BLV,45,1110.13,49955.850000000006
2021-11-30,1,TSLA,184,271.3,49919.200000000004
2021-11-30,1,HD,33,1476.23,48715.590000000004
2021-11-30,1,IWF,23,2108.63,48498.490000000005
2021-12-31,1,INTC,81,614.13,49744.53
2021-12-31,1,CSGP,21,2292.14,48134.939999999995
2021-12-31,1,DIS,28,1764.8,49414.4
2021-12-31,1,MUB,31,1599.62,49588.219999999994
2021-12-31,1,JNJ,44,1126.38,49560.72
2021-12-31,1,DOCU,194,256.52,49764.88
2021-12-31,1,ORCL,20,2427.92,48558.4
2021-12-31,1,META,86,581.05,49970.299999999996
2021-12-31,1,NFLX,20,2432.83,48656.6
2021-12-31,1,JPM,26,1890.59,49155.34
2021-12-31,1,UPWK,265,188.43,49933.950000000004
2021-12-31,1,COST,122,407.88,49761.36
2021-12-31,1,ISRG,94,527.86,49618.840000000004
2021-12-31,1,V,20,2474.88,49497.600000000006
2021-12-31,1,RUN,224,223.08,49969.920000000006
2021-12-31,1,CDNS,33,1488.15,49108.950000000004
2021-12-31,1,ACN,36,1359.8,48952.799999999996
2021-12-31,1,IBB,133,374.97,49871.01
2021-12-31,1,FICO,22,2193.04,48246.88
2021-12-31,1,MBB,54,916.69,49501.26
2022-01-31,1,ICE,28,1772.13,49619.64
2022-01-31,1,AAPL,27,1816.39,49042.530000000006
2022-01-31,1,ISRG,20,2385.37,47707.399999999994
2022-01-31,1,ZS,23,2124.05,48853.15
2022-01-31,1,IBM,126,394.97,49766.22
2022-01-31,1,TTD,24,2032.86,48788.64
2022-01-31,1,NET,78,633.26,49394.28
2022-01-31,1,SCHO,31,1575.14,48829.340000000004
2022-01-31,1,ADP,20,2490.01,49800.200000000004
2022-01-31,1,BIV,39,1275.9,49760.100000000006
2022-01-31,1,WFC,40,1240.32,49612.799999999996
2022-01-31,1,UBER,31,1603.63,49712.530000000006
2022-01-31,1,SQ,44,1135.06,49942.64
2022-01-31,1,PEP,41,1200.49,49220.090000000004
2022-01-31,1,NFLX,70,707.12,49498.4
2022-01-31,1,FVRR,25,1948.93,48723.25
2022-01-31,1,CSGP,29,1697.82,49236.78
2022-01-31,1,PFE,40,1232.05,49282.0
2022-01-31,1,FSLY,22,2192.07,48225.54
2022-01-31,1,TWLO,31,1609.4,49891.4
2022-02-28,1,MINT,171,291.41,49831.11000000001
2022-02-28,1,SPAB,20,2394.99,47899.799999999996
2022-02-28,1,LQD,20,2499.27,49985.4
2022-02-28,1,ORCL,53,938.99,49766.47
2022-02-28,1,SNPS,35,1392.37,48732.95
2022-02-28,1,BND,20,2396.78,47935.600000000006
2022-02-28,1,ICE,288,173.2,49881.6
2022-02-28,1,ADP,69,716.27,49422.63
2022-02-28,1,FICO,21,2300.76,48315.96000000001
2022-02-28,1,DDOG,21,2349.18,49332.78
2022-02-28,1,AKAM,41,1211.82,49684.619999999995
2022-02-28,1,TTD,40,1221.37,48854.799999999996
2022-02-28,1,MCO,28,1735.0,48580.0
2022-02-28,1,SNAP,78,638.2,49779.600000000006
2022-02-28,1,NKE,28,1770.11,49563.079999999994
2022-02-28,1,DOCU,23,2172.07,49957.61
2022-02-28,1,MDT,67,742.84,49770.28
2022-02-28,1,JNJ,20,2467.6,49352.0
2022-02-28,1,WDAY,35,1419.67,49688.450000000004
2022-02-28,1,ABT,53,934.53,49530.09
2022-03-31,1,FVRR,73,684.73,49985.29
2022-03-31,1,VCIT,28,1763.83,49387.24
2022-03-31,1,OKTA,28,1771.15,49592.200000000004
2022-03-31,1,HD,71,698.76,49611.96
2022-03-31,1,WDAY,227,220.19,49983.13
2022-03-31,1,GPN,29,1697.06,49214.74
2022-03-31,1,IWF,275,181.78,49989.5
2022-03-31,1,IEF,99,502.08,49705.92
2022-03-31,1,AAPL,47,1061.05,49869.35
2022-03-31,1,HON,70,707.19,49503.3
2022-03-31,1,PFE,126,395.04,49775.04
2022-03-31,1,GOOGL,150,332.03,49804.49999999999
2022-03-31,1,SHY,22,2222.21,48888.62
2022-03-31,1,AMZN,88,566.68,49867.84
2022-03-31,1,COST,21,2283.66,47956.86
2022-03-31,1,AMD,160,311.6,49856.0
2022-03-31,1,ISRG,85,584.66,49696.1
2022-03-31,1,SPIB,23,2122.91,48826.92999999999
2022-03-31,1,MSFT,20,2398.34,47966.8
2022-03-31,1,BABA,28,1778.61,49801.079999999994
2022-04-30,1,VZ,43,1156.07,49711.009999999995
2022-04-30,1,NTLA,160,310.57,49691.2
2022-04-30,1,ADP,23,2122.77,48823.71
2022-04-30,1,ICE,105,476.01,49981.049999999996
2022-04-30,1,IWF,186,267.91,49831.26
2022-04-30,1,BAC,33,1509.25,49805.25
2022-04-30,1,CME,47,1063.23,49971.81
2022-04-30,1,BRK-B,255,195.41,49829.549999999996
2022-04-30,1,JNK,54,913.98,49354.92
2022-04-30,1,FVRR,56,883.09,49453.04
2022-04-30,1,AMD,162,307.32,49785.84
2022-04-30,1,WU,65,766.49,49821.85
2022-04-30,1,IBB,24,2011.93,48286.32
2022-04-30,1,INTC,30,1658.73,49761.9
2022-04-30,1,ORCL,34,1467.16,49883.44
2022-04-30,1,CSCO,32,1558.19,49862.08
2022-04-30,1,TWLO,21,2376.3,49902.3
2022-04-30,1,SNPS,82,604.16,49541.119999999995
2022-04-30,1,FDS,31,1587.19,49202.89
2022-04-30,1,ADP,66,750.64,49542.24
2022-05-31,1,TEAM,134,370.7,49673.799999999996
2022-05-31,1,ABBV,22,2229.74,49054.28
2022-05-31,1,PAYX,240,207.72,49852.8
2022-05-31,1,AMZN,27,1838.91,49650.57
2022-05-31,1,CSGP,56,878.97,49222.32
2022-05-31,1,UNH,26,1909.43,49645.18
2022-05-31,1,SPGI,317,157.59,49956.03
2022-05-31,1,SPAB,109,457.65,49883.85
2022-05-31,1,HYG,48,1027.76,49332.479999999996
2022-05-31,1,FAST,22,2244.84,49386.48
2022-05-31,1,JKHY,65,766.4,49816.0
2022-05-31,1,ADP,72,692.22,49839.840000000004
2022-05-31,1,TWLO,62,797.15,49423.299999999996
2022-05-31,1,INTU,29,1691.43,49051.47
2022-05-31,1,NTLA,78,634.19,49466.82000000001
2022-05-31,1,CSCO,34,1451.64,49355.76
2022-05-31,1,ORCL,51,966.69,49301.19
2022-05-31,1,EDIT,27,1825.79,49296.33
2022-05-31,1,ACN,23,2133.56,49071.88
2022-05-31,1,TRU,65,763.73,49642.450000000004
2022-06-30,1,ADP,39,1270.34,49543.259999999995
2022-06-30,1,KO,41,1206.58,49469.78
2022-06-30,1,TXN,94,531.64,49974.159999999996
2022-06-30,1,AVGO,47,1063.26,49973.22
2022-06-30,1,CRWD,138,360.45,49742.1
2022-06-30,1,SAP,26,1863.63,48454.380000000005
2022-06-30,1,EFX,33,1485.23,49012.590000000004
2022-06-30,1,HON,264,188.69,49814.159999999996
2022-06-30,1,UNH,77,646.28,49763.56
2022-06-30,1,MINT,23,2107.91,48481.92999999999
2022-06-30,1,MRK,23,2159.14,49660.219999999994
2022-06-30,1,SQ,20,2439.12,48782.399999999994
2022-06-30,1,ESTC,20,2419.92,48398.4
2022-06-30,1,HD,33,1486.88,49067.04
2022-06-30,1,WMT,22,2190.3,48186.600000000006
2022-06-30,1,LYFT,35,1397.74,48920.9
2022-06-30,1,META,52,947.93,49292.36
2022-06-30,1,JKHY,25,1986.43,49660.75
2022-06-30,1,ISRG,26,1854.97,48229.22
2022-06-30,1,INTU,30,1637.11,49113.299999999996
2022-07-31,1,TNDM,30,1626.16,48784.8
2022-07-31,1,CSCO,76,653.2,49643.200000000004
2022-07-31,1,HON,22,2208.31,48582.82
2022-07-31,1,VGSH,114,435.3,49624.200000000004
2022-07-31,1,NTLA,85,582.62,49522.7
2022-07-31,1,TWLO,26,1853.27,48185.02
2022-07-31,1,SHY,25,1942.73,48568.25
2022-07-31,1,EFX,32,1558.03,49856.96
2022-07-31,1,TXN,36,1368.1,49251.6
2022-07-31,1,SPLK,93,535.41,49793.13
2022-07-31,1,MRK,23,2140.37,49228.509999999995
2022-07-31,1,TPIC,23,2154.98,49564.54
2022-07-31,1,FLT,28,1777.88,49780.64
2022-07-31,1,BND,21,2348.99,49328.78999999999
2022-07-31,1,NVCR,41,1203.33,49336.53
2022-07-31,1,CRSP,33,1486.1,49041.299999999996
2022-07-31,1,BIV,25,1982.98,49574.5
2022-07-31,1,RDFN,28,1755.36,49150.079999999994
2022-07-31,1,FVRR,40,1248.04,49921.6
2022-07-31,1,TRU,30,1625.8,48774.0
2022-08-31,1,IBM,45,1101.11,49549.95
2022-08-31,1,SNAP,222,224.96,49941.12
2022-08-31,1,PEP,59,839.33,49520.47
2022-08-31,1,SCHO,23,2125.23,48880.29
2022-08-31,1,SNPS,23,2104.06,48393.38
2022-08-31,1,TRU,20,2433.41,48668.2
2022-08-31,1,NTLA,35,1422.69,49794.15
2022-08-31,1,SPIB,20,2491.25,49825.0
2022-08-31,1,ABT,25,1956.72,48918.0
2022-08-31,1,SPAB,41,1208.65,49554.65
2022-08-31,1,AAPL,20,2390.48,47809.6
2022-08-31,1,WDAY,65,768.88,49977.2
2022-08-31,1,LQD,61,808.73,49332.53
2022-08-31,1,NVCR,70,712.18,49852.6
2022-08-31,1,HON,27,1825.49,49288.23
2022-08-31,1,ABBV,21,2347.51,49297.71000000001
2022-08-31,1,VRSN,29,1690.23,49016.67
2022-08-31,1,FVRR,86,578.82,49778.520000000004
2022-08-31,1,AGG,26,1853.92,48201.92
2022-08-31,1,FLOT,20,2427.16,48543.2
2022-09-30,1,TEAM,49,1006.55,49320.95
2022-09-30,1,BND,84,589.85,49547.4
2022-09-30,1,ADP,25,1942.78,48569.5
2022-09-30,1,SHOP,115,433.47,49849.05
2022-09-30,1,TLT,43,1158.77,49827.11
2022-09-30,1,CRM,28,1727.94,48382.32
2022-09-30,1,INMD,36,1361.23,49004.28
2022-09-30,1,MBB,37,1336.37,49445.689999999995
2022-09-30,1,HON,101,492.73,49765.73
2022-09-30,1,NET,22,2201.58,48434.759999999995
2022-09-30,1,KO,21,2295.33,48201.93
2022-09-30,1,GOOGL,35,1424.4,49854.0
2022-09-30,1,NFLX,20,2486.0,49720.0
2022-09-30,1,MRK,21,2335.08,49036.68
2022-09-30,1,ISRG,35,1409.0,49315.0
2022-09-30,1,TWLO,167,299.28,49979.759999999995
2022-09-30,1,LLY,29,1712.72,49668.88
2022-09-30,1,AVGO,22,2265.12,49832.64
2022-09-30,1,IBB,28,1783.34,49933.52
2022-09-30,1,GPN,21,2377.61,49929.810000000005
2022-10-31,1,CME,64,775.42,49626.88
2022-10-31,1,DOCU,23,2089.1,48049.299999999996
2022-10-31,1,SPIB,263,189.54,49849.02
2022-10-31,1,INMD,56,886.75,49658.0
2022-10-31,1,NDAQ,53,931.71,49380.630000000005
2022-10-31,1,JNJ,22,2238.98,49257.56
2022-10-31,1,QCOM,92,541.98,49862.16
2022-10-31,1,IWF,281,177.92,49995.52
2022-10-31,1,ESTC,43,1145.22,49244.46
2022-10-31,1,SAP,20,2384.45,47689.0
2022-10-31,1,BRK-B,52,955.37,49679.24
2022-10-31,1,TLT,82,607.34,49801.880000000005
2022-10-31,1,VGSH,20,2418.17,48363.4
2022-10-31,1,NET,28,1781.34,49877.52
2022-10-31,1,FLOT,47,1060.95,49864.65
2022-10-31,1,RDFN,24,2017.78,48426.72
2022-10-31,1,ADBE,91,548.77,49938.07
2022-10-31,1,ABT,53,935.09,49559.770000000004
2022-10-31,1,SPLK,25,1951.34,48783.5
2022-10-31,1,ZS,247,201.94,49879.18
2022-11-30,1,IBB,58,858.5,49793.0
2022-11-30,1,TTD,22,2259.7,49713.399999999994
2022-11-30,1,LQD,42,1184.86,49764.119999999995
2022-11-30,1,FICO,27,1844.8,49809.6
2022-11-30,1,TNDM,22,2185.95,48090.899999999994
2022-11-30,1,UPWK,43,1158.04,49795.72
2022-11-30,1,SCHZ,20,2490.72,49814.399999999994
2022-11-30,1,TLT,20,2408.7,48174.0
2022-11-30,1,IWD,43,1141.83,49098.689999999995
2022-11-30,1,NFLX,25,1938.03,48450.75
2022-11-30,1,SNAP,38,1313.98,49931.24
2022-11-30,1,SCHO,80,622.3,49784.0
2022-11-30,1,ADSK,22,2215.44,48739.68
2022-11-30,1,ABBV,295,169.11,49887.450000000004
2022-11-30,1,AMZN,276,180.95,49942.2
2022-11-30,1,RUN,46,1066.95,49079.700000000004
2022-11-30,1,NTLA,23,2119.35,48745.049999999996
2022-11-30,1,MCO,79,627.28,49555.119999999995
2022-11-30,1,PG,27,1785.72,48214.44
2022-11-30,1,WU,21,2341.22,49165.619999999995
2022-12-31,1,RUN,21,2349.79,49345.59
2022-12-31,1,TLT,41,1196.17,49042.97
2022-12-31,1,DDOG,32,1515.52,48496.64
2022-12-31,1,FICO,226,221.11,49970.86
2022-12-31,1,LLY,36,1381.02,49716.72
2022-12-31,1,TWLO,26,1911.33,49694.58
2022-12-31,1,XPO,27,1827.02,49329.54
2022-12-31,1,BIV,51,977.76,49865.76
2022-12-31,1,NOW,77,645.7,49718.9
2022-12-31,1,IWF,25,1941.03,48525.75
2022-12-31,1,MCD,78,639.93,49914.53999999999
2022-12-31,1,GPN,22,2269.34,49925.48
2022-12-31,1,GOOGL,50,998.66,49933.0
2022-12-31,1,V,163,306.09,49892.67
2022-12-31,1,ANSS,130,384.43,49975.9
2022-12-31,1,FLOT,29,1687.84,48947.36
2022-12-31,1,MSFT,47,1060.6,49848.2
2022-12-31,1,ORCL,39,1275.47,49743.33
2022-12-31,1,LYFT,29,1699.21,49277.090000000004
2022-12-31,1,ADP,69,724.06,49960.14
2023-01-31,1,IWF,52,959.08,49872.16
2023-01-31,1,MCD,147,338.43,49749.21
2023-01-31,1,ICSH,24,2073.01,49752.240000000005
2023-01-31,1,SNOW,99,501.25,49623.75
2023-01-31,1,INTC,22,2272.53,49995.66
2023-01-31,1,EDIT,34,1450.37,49312.579999999994
2023-01-31,1,ANSS,24,2049.86,49196.64
2023-01-31,1,AGG,61,814.4,49678.4
2023-01-31,1,BLV,102,486.83,49656.659999999996
2023-01-31,1,ESTC,25,1930.73,48268.25
2023-01-31,1,SQ,49,1018.04,49883.96
2023-01-31,1,PLTR,46,1074.72,49437.12
2023-01-31,1,EFX,28,1725.75,48321.0
2023-01-31,1,SPHY,28,1739.18,48697.04
2023-01-31,1,PEP,24,2019.6,48470.399999999994
2023-01-31,1,BIV,52,951.43,49474.36
2023-01-31,1,HYG,24,2030.89,48741.36
2023-01-31,1,CDNS,20,2388.32,47766.4
2023-01-31,1,MCO,38,1302.16,49482.08
2023-01-31,1,UNH,313,159.58,49948.54
2023-02-28,1,DOCU,30,1623.49,48704.7
2023-02-28,1,IWD,122,407.42,49705.240000000005
2023-02-28,1,BLV,112,445.06,49846.72
2023-02-28,1,SHY,44,1130.15,49726.600000000006
2023-02-28,1,JNK,55,894.32,49187.600000000006
2023-02-28,1,LYFT,128,388.62,49743.36
2023-02-28,1,NOW,29,1678.0,48662.0
2023-02-28,1,BRK-B,45,1091.16,49102.200000000004
2023-02-28,1,IHS,30,1617.5,48525.0
2023-02-28,1,IBM,20,2386.89,47737.799999999996
2023-02-28,1,PG,44,1130.33,49734.52
2023-02-28,1,MBB,71,696.03,49418.13
2023-02-28,1,FLOT,20,2431.05,48621.0
2023-02-28,1,ITB,44,1113.15,48978.600000000006
2023-02-28,1,INTC,36,1369.38,49297.68000000001
2023-02-28,1,ADP,22,2267.58,49886.759999999995
2023-02-28,1,SCHO,38,1287.0,48906.0
2023-02-28,1,V,157,318.47,49999.79
2023-02-28,1,CRM,26,1853.08,48180.08
2023-02-28,1,BABA,37,1325.47,49042.39
2023-03-31,1,FLT,38,1288.6,48966.799999999996
2023-03-31,1,CRSP,34,1447.57,49217.38
2023-03-31,1,FLOT,25,1961.89,49047.25
2023-03-31,1,PLTR,20,2431.41,48628.2
2023-03-31,1,HD,35,1405.59,49195.649999999994
2023-03-31,1,ADP,20,2486.01,49720.200000000004
2023-03-31,1,PFE,96,519.22,49845.12
2023-03-31,1,PG,48,1025.47,49222.56
2023-03-31,1,EDIT,25,1999.93,49998.25
2023-03-31,1,UPWK,22,2238.87,49255.14
2023-03-31,1,MCO,21,2286.06,48007.26
2023-03-31,1,KO,25,1988.94,49723.5
2023-03-31,1,SCHO,111,449.58,49903.38
2023-03-31,1,CVX,25,1970.48,49262.0
2023-03-31,1,WDAY,56,881.72,49376.32
2023-03-31,1,MRK,40,1235.32,49412.799999999996
2023-03-31,1,IBB,50,989.92,49496.0
2023-03-31,1,FVRR,73,678.1,49501.3
2023-03-31,1,SHY,102,488.67,49844.340000000004
2023-03-31,1,PEP,104,479.19,49835.76
2023-04-30,1,IBB,169,294.68,49800.92
2023-04-30,1,TMO,194,257.18,49892.92
2023-04-30,1,NKE,24,2044.63,49071.12
2023-04-30,1,TWLO,42,1187.94,49893.48
2023-04-30,1,NVCR,48,1031.21,49498.08
2023-04-30,1,INTU,37,1329.66,49197.420000000006
2023-04-30,1,EFX,81,610.43,49444.829999999994
2023-04-30,1,AKAM,42,1188.69,49924.98
2023-04-30,1,CDNS,115,433.95,49904.25
2023-04-30,1,CVX,24,2006.33,48151.92
2023-04-30,1,SPHY,56,892.29,49968.24
2023-04-30,1,CRSP,302,165.31,49923.62
2023-04-30,1,NFLX,22,2184.06,48049.32
2023-04-30,1,UNH,26,1918.55,49882.299999999996
2023-04-30,1,ITB,148,336.89,49859.72
2023-04-30,1,MUB,118,423.62,49987.16
2023-04-30,1,XPO,20,2421.01,48420.200000000004
2023-04-30,1,FDS,21,2370.29,49776.09
2023-04-30,1,ICSH,26,1884.12,48987.119999999995
2023-04-30,1,SQ,25,1976.23,49405.75
2023-05-31,1,BRK-B,143,348.58,49846.939999999995
2023-05-31,1,VCIT,28,1725.22,48306.16
2023-05-31,1,ADSK,21,2360.21,49564.41
2023-05-31,1,NVDA,44,1135.14,49946.16
2023-05-31,1,BEAM,20,2471.2,49424.0
2023-05-31,1,TRU,94,527.45,49580.3
2023-05-31,1,UPWK,35,1392.85,48749.75
2023-05-31,1,IYR,23,2146.93,49379.39
2023-05-31,1,MBB,36,1369.07,49286.52
2023-05-31,1,MCD,76,654.46,49738.96000000001
2023-05-31,1,HYG,98,508.56,49838.88
2023-05-31,1,NFLX,22,2221.49,48872.78
2023-05-31,1,FLOT,35,1396.16,48865.600000000006
2023-05-31,1,WFC,29,1715.72,49755.88
2023-05-31,1,SNAP,84,588.74,49454.16
2023-05-31,1,NFLX,43,1137.34,48905.619999999995
2023-05-31,1,AKAM,21,2293.36,48160.560000000005
2023-05-31,1,FLT,20,2411.23,48224.6
2023-05-31,1,MDT,55,898.72,49429.6
2023-05-31,1,NKE,28,1775.51,49714.28
2023-06-30,1,SCHO,24,2003.85,48092.399999999994
2023-06-30,1,LQD,291,171.62,49941.42
2023-06-30,1,EDIT,39,1260.6,49163.399999999994
2023-06-30,1,IEF,77,644.81,49650.369999999995
2023-06-30,1,UNH,32,1559.83,49914.56
2023-06-30,1,ANSS,23,2129.96,48989.08
2023-06-30,1,DOCU,51,973.19,49632.69
2023-06-30,1,IYR,77,647.18,49832.85999999999
2023-06-30,1,DIS,56,883.12,49454.72
2023-06-30,1,SQ,22,2269.4,49926.8
2023-06-30,1,SPIB,32,1535.81,49145.92
2023-06-30,1,ICE,29,1720.42,49892.18
2023-06-30,1,IHS,42,1180.63,49586.46000000001
2023-06-30,1,UBER,24,2003.85,48092.399999999994
2023-06-30,1,OKTA,25,1981.05,49526.25
2023-06-30,1,SPHY,25,1952.3,48807.5
2023-06-30,1,PFE,70,705.63,49394.1
2023-06-30,1,XOM,66,749.22,49448.520000000004
2023-06-30,1,BND,31,1600.54,49616.74
2023-06-30,1,BIV,42,1180.51,49581.42
2023-07-31,1,BRK-B,26,1879.88,48876.880000000005
2023-07-31,1,FVRR,95,525.97,49967.15
2023-07-31,1,WDAY,31,1571.71,48723.01
2023-07-31,1,CME,161,310.36,49967.96
2023-07-31,1,DIS,200,249.52,49904.0
2023-07-31,1,ABT,23,2124.48,48863.04
2023-07-31,1,CVX,81,616.07,49901.670000000006
2023-07-31,1,MINT,30,1616.51,48495.3
2023-07-31,1,ORCL,20,2422.64,48452.799999999996
2023-07-31,1,BAC,23,2095.7,48201.1
2023-07-31,1,INTC,25,1928.77,48219.25
2023-07-31,1,TPIC,22,2221.93,48882.46
2023-07-31,1,INTU,25,1936.69,48417.25
2023-07-31,1,ORCL,27,1799.53,48587.31
2023-07-31,1,SNPS,22,2247.9,49453.8
2023-07-31,1,ZS,26,1867.25,48548.5
2023-07-31,1,UPWK,37,1349.07,49915.59
2023-07-31,1,AMZN,23,2131.89,49033.469999999994
2023-07-31,1,ISRG,23,2156.06,49589.38
2023-07-31,1,ICSH,28,1777.09,49758.52
2023-08-31,1,LQD,44,1115.98,49103.12
2023-08-31,1,NET,28,1750.43,49012.04
2023-08-31,1,SQ,25,1977.69,49442.25
2023-08-31,1,IEF,43,1139.98,49019.14
2023-08-31,1,INTU,23,2100.85,48319.549999999996
2023-08-31,1,MRK,76,656.84,49919.840000000004
2023-08-31,1,ABBV,33,1495.84,49362.719999999994
2023-08-31,1,WFC,42,1176.24,49402.08
2023-08-31,1,HD,57,867.53,49449.21
2023-08-31,1,ANSS,78,637.35,49713.3
2023-08-31,1,NVDA,21,2309.96,48509.16
2023-08-31,1,IBB,55,896.6,49313.0
2023-08-31,1,TEAM,56,885.5,49588.0
2023-08-31,1,PFE,53,931.97,49394.41
2023-08-31,1,ACN,28,1757.86,49220.079999999994
2023-08-31,1,XOM,23,2090.35,48078.049999999996
2023-08-31,1,JNK,32,1546.99,49503.68
2023-08-31,1,TWLO,66,748.83,49422.780000000006
2023-08-31,1,MCD,70,708.9,49623.0
2023-08-31,1,TRU,25,1997.83,49945.75
2023-09-30,1,FAST,28,1748.22,48950.16
2023-09-30,1,TTD,83,600.47,49839.01
2023-09-30,1,GOOGL,62,794.71,49272.020000000004
2023-09-30,1,JKHY,284,175.86,49944.240000000005
2023-09-30,1,TRU,35,1392.69,48744.15
2023-09-30,1,SPAB,49,1011.48,49562.520000000004
2023-09-30,1,JPM,95,521.36,49529.200000000004
2023-09-30,1,BABA,114,437.91,49921.740000000005
2023-09-30,1,SPLK,52,957.24,49776.48
2023-09-30,1,SCHO,155,321.06,49764.3
2023-09-30,1,SNAP,29,1721.85,49933.649999999994
2023-09-30,1,FDS,111,448.51,49784.61
2023-09-30,1,INTU,28,1758.26,49231.28
2023-09-30,1,ADP,31,1612.2,49978.200000000004
2023-09-30,1,CDNS,20,2471.56,49431.2
2023-09-30,1,VCSH,26,1883.65,48974.9
2023-09-30,1,CSCO,59,838.69,49482.71000000001
2023-09-30,1,ABT,55,905.91,49825.049999999996
2023-09-30,1,CVX,31,1605.39,49767.090000000004
2023-09-30,1,SNPS,59,842.88,49729.92
2023-10-31,1,AMZN,27,1790.16,48334.32
2023-10-31,1,NTLA,23,2163.09,49751.07000000001
2023-10-31,1,IYR,20,2481.62,49632.399999999994
2023-10-31,1,LQD,80,621.71,49736.8
2023-10-31,1,XOM,28,1769.91,49557.48
2023-10-31,1,UPWK,21,2338.19,49101.99
2023-10-31,1,V,36,1380.82,49709.52
2023-10-31,1,MCO,56,888.06,49731.36
2023-10-31,1,UNH,178,279.45,49742.1
2023-10-31,1,TPIC,53,927.43,49153.79
2023-10-31,1,PLTR,101,492.98,49790.98
2023-10-31,1,SPGI,29,1709.54,49576.659999999996
2023-10-31,1,IWD,35,1427.26,49954.1
2023-10-31,1,TSLA,20,2397.61,47952.200000000004
2023-10-31,1,HYG,26,1918.82,49889.32
2023-10-31,1,TLT,21,2319.81,48716.01
2023-10-31,1,SPAB,38,1282.46,48733.48
2023-10-31,1,MSFT,21,2371.69,49805.49
2023-10-31,1,ANSS,50,992.76,49638.0
2023-10-31,1,SNAP,56,891.5,49924.0
2023-11-30,1,CDNS,37,1337.34,49481.579999999994
2023-11-30,1,SPLK,27,1817.12,49062.24
2023-11-30,1,ADBE,25,1946.19,48654.75
2023-11-30,1,BND,30,1619.22,48576.6
2023-11-30,1,SPHY,71,702.47,49875.37
2023-11-30,1,MRK,42,1167.49,49034.58
2023-11-30,1,XOM,26,1885.72,49028.72
2023-11-30,1,JNK,26,1857.69,48299.94
2023-11-30,1,WMT,21,2329.96,48929.16
2023-11-30,1,NVDA,40,1234.33,49373.2
2023-11-30,1,IBM,33,1499.72,49490.76
2023-11-30,1,TSLA,24,2016.44,48394.56
2023-11-30,1,ABT,23,2152.87,49516.009999999995
2023-11-30,1,MSCI,211,236.17,49831.869999999995
2023-11-30,1,IBB,63,782.56,49301.28
2023-11-30,1,MKTX,27,1786.94,48247.380000000005
2023-11-30,1,XPO,26,1862.16,48416.16
2023-11-30,1,TLT,102,489.87,49966.74
2023-11-30,1,LQD,61,814.01,49654.61
2023-11-30,1,VRSN,31,1598.27,49546.37
2023-12-31,1,TLT,105,474.28,49799.399999999994
2023-12-31,1,NFLX,24,2042.5,49020.0
2023-12-31,1,XOM,83,598.86,49705.380000000005
2023-12-31,1,SHY,20,2381.1,47622.0
2023-12-31,1,TSLA,182,273.9,49849.799999999996
2023-12-31,1,TWLO,93,536.01,49848.93
2023-12-31,1,BEAM,21,2324.58,48816.18
2023-12-31,1,TXN,30,1653.9,49617.0
2023-12-31,1,EDIT,73,682.3,49807.899999999994
2023-12-31,1,AMZN,64,773.21,49485.44
2023-12-31,1,FLT,62,798.3,49494.6
2023-12-31,1,ADSK,21,2291.68,48125.28
2023-12-31,1,CRWD,92,542.02,49865.84
2023-12-31,1,BSV,66,748.84,49423.44
2023-12-31,1,AVGO,64,777.07,49732.48
2023-12-31,1,MBB,25,1958.32,48958.0
2023-12-31,1,AMD,39,1251.56,48810.84
2023-12-31,1,BIV,122,409.7,49983.4
2023-12-31,1,TEAM,60,823.73,49423.8
2023-12-31,1,IYR,21,2373.37,49840.77
