Date,Equity_3M,Equity_6M,Equity_12M,Equity_36M,Equity_60M,Government Bonds_3M,Government Bonds_6M,Government Bonds_12M,Government Bonds_36M,Government Bonds_60M,High Yield Bonds_3M,High Yield Bonds_6M,High Yield Bonds_12M,High Yield Bonds_36M,High Yield Bonds_60M,Leveraged Loans_3M,Leveraged Loans_6M,Leveraged Loans_12M,Leveraged Loans_36M,Leveraged Loans_60M,Commodities_3M,Commodities_6M,Commodities_12M,Commodities_36M,Commodities_60M,Long Short Equity Hedge Fund_3M,Long Short Equity Hedge Fund_6M,Long Short Equity Hedge Fund_12M,Long Short Equity Hedge Fund_36M,Long Short Equity Hedge Fund_60M,Long Short High Yield Bond_3M,Long Short High Yield Bond_6M,Long Short High Yield Bond_12M,Long Short High Yield Bond_36M,Long Short High Yield Bond_60M,Private Equity_3M,Private Equity_6M,Private Equity_12M,Private Equity_36M,Private Equity_60M
2014-07-31 10:30:16.657881,,,,,,,,,,,,,,,,,,,,,,,,,,,,,,,,,,,,,,,,
2014-08-31 10:30:16.657881,,,,,,,,,,,,,,,,,,,,,,,,,,,,,,,,,,,,,,,,
2014-09-30 10:30:16.657881,0.04337494786432572,,,,,0.017097233063424477,,,,,0.023503633982892014,,,,,0.008045195013563378,,,,,0.05741884210964243,,,,,-0.036395085038390396,,,,,-0.00670687246622681,,,,,0.04151283839127662,,,,
2014-10-31 10:30:16.657881,0.018841956886799238,,,,,0.041482388182448426,,,,,0.027400589644505313,,,,,-0.008397747147534829,,,,,0.04005456444419253,,,,,0.014772606036482117,,,,,0.003381610383791589,,,,,0.03996632995464133,,,,
2014-11-30 10:30:16.657881,-0.03173631630317553,,,,,0.011892430527223885,,,,,0.08029562870743345,,,,,0.031044040307735665,,,,,0.048155735933064214,,,,,0.019673861066401344,,,,,0.023782898727578106,,,,,0.061412373121022545,,,,
2014-12-31 10:30:16.657881,-0.0719403735055788,-0.031685835591397704,,,,-0.0010048584669605232,0.016075194297058504,,,,0.08651837265886564,0.11205550280552679,,,,0.024159399699283712,0.032398961794838366,,,,0.02764952933309628,0.0866559754019216,,,,0.012909155196191957,-0.023955759643337737,,,,0.04055526005943055,0.03357638863615042,,,,0.06023536278109054,0.10424874205293833,,,
2015-01-31 10:30:16.657881,-0.05995950998271282,-0.04224730759796147,,,,0.0044150313472242075,0.04608056557385609,,,,0.06647646372396498,0.09569854767198871,,,,0.02540536220466305,0.016794267249142347,,,,0.01919152944580227,0.060014802242964294,,,,-0.013318814677342639,0.0012570377570382263,,,,0.05226636374784621,0.05582471861001048,,,,0.060376236459742216,0.10275558300215315,,,
2015-02-28 10:30:16.657881,-0.059294395609567396,-0.0891489262186721,,,,-0.01353999986751464,-0.0018085928480536806,,,,0.07771262645724986,0.1642482393645741,,,,0.004588136131021381,0.035774610721745814,,,,-0.006622790134158341,0.04121402046606537,,,,0.011409937736004627,0.03130827633220035,,,,0.05363604187712534,0.07869456115681528,,,,0.0470668657113793,0.11136972675110601,,,
2015-03-31 10:30:16.657881,-0.009818442612555045,-0.08105247368934343,,,,-0.01036954961642833,-0.011363988153658244,,,,0.07784191190267253,0.17109504010401233,,,,-0.031058380459267454,-0.00764933258751177,,,,-0.029099234269084118,-0.0022542850674813764,,,,0.03046248098877502,0.04376488107971199,,,,0.08842762890825662,0.13256909445450038,,,,0.03055720390361305,0.09263319094741362,,,
2015-04-30 10:30:16.657881,0.007791804534373004,-0.05263489823010192,,,,-0.013523904923642083,-0.009168582040592566,,,,0.12848118861507007,0.20349862741321667,,,,-0.004687907452366469,0.02059835676548727,,,,-0.0038249079538476005,0.015293215658330972,,,,0.007335136550179033,-0.006081373451508498,,,,0.07629009492146666,0.13254386452083589,,,,0.030178911091740757,0.09237723662365549,,,
2015-05-31 10:30:16.657881,0.04019696038220144,-0.021480889698570427,,,,0.036619366464470504,0.02258354037987864,,,,0.08479963288649639,0.16910226153796648,,,,0.037542693500102864,0.04230308061962784,,,,0.05586941774570198,0.04887661618289618,,,,0.04300844363718559,0.0549091050372128,,,,0.02897352252954266,0.0841635894743904,,,,0.04812009695333197,0.09745182480603254,,,
2015-06-30 10:30:16.657881,0.024475099754790675,0.01441634977985684,-0.017726279900493358,,,0.038062142382059516,0.027297905491693086,0.04381191892343361,,,0.0832841415410095,0.16760905025240702,0.2984460694587241,,,0.06233205973909328,0.02933774645363907,0.0626872207749758,,,0.07455405571999973,0.04328535551780899,0.1336922656227455,,,0.070355924861637,0.10296162187395752,0.07653933836451898,,,-0.010345146012495032,0.07716768616316694,0.11333508702008421,,,0.0005710892618715491,0.031145744056506608,0.1386413907476387,,
2015-07-31 10:30:16.657881,0.06799831430188474,0.07631994840996503,0.030848328475667097,,,0.0643131326250963,0.04991946301049088,0.09830034567301382,,,0.0622154588498689,0.19869016356820213,0.3134030713303777,,,0.058345504253543456,0.05338407847697457,0.07107489220690866,,,0.0288628072202326,0.024927501685478193,0.08643832301250742,,,0.06938405692625071,0.07722813500838921,0.0785822514470389,,,-0.007554232525582627,0.06815954927944845,0.12778925554856935,,,-0.009240196492041108,0.020659855531296012,0.12553835403330793,,
2015-08-31 10:30:16.657881,0.07333561600047234,0.11648044523364942,0.01694741239692421,,,0.020325311012893588,0.05768897748984947,0.05577604876969633,,,0.051342534504168036,0.14049599546808023,0.32782045472605925,,,-0.016938145556973372,0.019968644336023855,0.056457625535531575,,,0.008061369955228992,0.0643811717465621,0.10824859914261986,,,0.04642685088997278,0.09143204112691183,0.1256028970683305,,,0.051338858485641126,0.08179984858815859,0.1669316129323133,,,-0.023769736279123155,0.023206558659902177,0.13716079350779542,,
2015-09-30 10:30:16.657881,0.09833659812546358,0.12521849592892198,0.03401675339288035,,,0.051075683956767426,0.09108187629385078,0.07868283477697635,,,0.06143956516200766,0.14984064814418785,0.34657267995164154,,,-0.022448547934807106,0.038484247573358,0.03054053617677721,,,0.023807512244040874,0.10013651455843742,0.09765649324147696,,,0.0071724042770962,0.07803295027513002,0.1252129341439321,,,0.05550706418111706,0.044587689484943516,0.18306773355828132,,,0.029475526074540737,0.030063448492841705,0.12548151260503015,,
2015-10-31 10:30:16.657881,0.01467430790244273,0.08367045040524035,0.026631566533191542,,,0.024800886028033542,0.09070904132547053,0.08070878599766229,,,0.03201959140383592,0.09622716382507979,0.3193078869965673,,,-0.04617526295247709,0.009476122300064116,0.030269671613441185,,,0.03091787212749053,0.060673055930598796,0.07689415771792629,,,0.06219223637893001,0.1358914429744673,0.12898366290936658,,,0.09376529815215795,0.08550274076150322,0.22937946896999217,,,0.02866949537079022,0.019164387108195458,0.1133119768544919,,
2015-11-30 10:30:16.657881,-0.019392039903125102,0.05252144890554589,0.02991235175622653,,,0.04109866961806241,0.062259323873159245,0.08624890020775133,,,0.028459483916815298,0.08126320045595348,0.2641072529708348,,,-0.015713739198911503,-0.032385723154089385,0.008547341608025727,,,0.0026728833221774106,0.01075580037871382,0.060158123688460075,,,0.04606000748947392,0.09462527947915156,0.15473017392646105,,,0.07209374234038424,0.1271338112617384,0.2219974386354766,,,0.024376774149495795,2.760837750326317e-05,0.09748212367030362,,
2015-12-31 10:30:16.657881,-0.047703674863869394,0.04594190615739824,0.06102057052597343,,,0.0020423058502268,0.05322230197514366,0.08197306483620448,,,0.007829331420531105,0.06974992730052532,0.2490496966229483,,,0.0069713167408169685,-0.01563372713201505,0.013245360998899613,,,0.015346403710687628,0.03951927564897284,0.08451523706305375,,,0.0627372538533637,0.0703596350783311,0.18056559909441328,,,0.10411580001369902,0.16540202658844483,0.25533340443014096,,,-0.020418813251386725,0.008454857560751705,0.039863934446879856,,
2016-01-31 10:30:16.657881,-0.040553885546272705,-0.026474677846976324,0.04782472451553699,,,0.007550994793296795,0.032539152182597064,0.0840829521968598,,,0.05318672726024598,0.08690933593906247,0.30286752968060093,,,0.022099614258211497,-0.025096104193786828,0.026948241887440494,,,-0.007529774915735921,0.023155292593761034,0.04865999787439779,,,0.06806331569479118,0.1344885618921452,0.2221029977154254,,,0.07706701635349078,0.17805852627173113,0.25835446444722376,,,-0.01681367828088276,0.011373777418267839,0.03226861354787047,,
2016-02-29 10:30:16.657881,-0.005474909227085822,-0.024760779472013383,0.08883551914440391,,,0.0030073593736601456,0.04422962746104342,0.10447016693387745,,,0.05705819695885728,0.08714152771434547,0.23988055886526216,,,-0.0021386501122124812,-0.01781878312102292,0.0017940442723562988,,,0.009268186771690834,0.011965842875717003,0.07711738960755321,,,0.053047536442552445,0.10155091385786852,0.20226796231710842,,,0.050421257165498945,0.12615005662845102,0.21826896074820445,,,-0.021858265506229158,0.00198567464172128,0.025238313976676086,,
2016-03-31 10:30:16.657881,-0.025895602436127207,-0.0723639619009796,0.043793227559243864,,,0.03673961056992758,0.03885694994175659,0.1334779901433587,,,0.03996069632444965,0.04810289328030004,0.2051513101312188,,,-0.023332316391466823,-0.01652365661851174,0.02132469046272245,,,-0.005794688875550236,0.009462787200275269,0.1105468722869567,,,0.03653665960966146,0.10156612315191027,0.18752457766459107,,,0.03648463398341839,0.1443990608525081,0.19542517082466082,,,-0.017649338890329935,-0.03770777358690469,-0.008777950803072643,,
2016-04-30 10:30:16.657881,0.053649425238730064,0.01091984704170268,0.09550396596727828,,,0.05510861862991723,0.06307573831555424,0.15950631939452475,,,0.001952160057846486,0.05524271632265765,0.1567857300614599,,,-0.026189741598681704,-0.004668910527323211,0.004762968605575679,,,0.031987957752462215,0.0242173207148364,0.0863597154996556,,,-0.006329994214759993,0.06130248108544589,0.20552440667252903,,,0.03527379720301549,0.11505925986240073,0.2103998826921294,,,-0.021297911747295784,-0.03775349379200488,-0.01931262925352617,,
2016-05-31 10:30:16.657881,0.07172530129439769,0.0658577025534397,0.12183809341868246,,,0.07215060568020126,0.07537494785416898,0.1423270650177031,,,0.012783845704369634,0.07057146584931884,0.15756952948105574,,,0.006523357671557761,0.004370756379728835,-0.02815651688044818,,,0.014101010041234874,0.023499887607657532,0.03450844808640108,,,-0.017974294385696754,0.03411975002040113,0.13197362038099203,,,0.04804726400972492,0.10089112462995664,0.24085160908838477,,,-0.03946226442715817,-0.06045795328006154,-0.06043201404855558,,
2016-06-30 10:30:16.657881,0.06863277953403957,0.04095988992501254,0.0887835715015628,,,0.05593156877715311,0.09472608340251853,0.15298992559343394,,,0.029272722725684375,0.07040317743356517,0.14506372124180755,,,0.002135504209407557,-0.021246638441928423,-0.036548201426069626,,,0.01528703399976128,0.009403761518352427,0.04929466701090668,,,-0.006423271815804932,0.029878702897942144,0.10234059260878614,,,0.031424133995178405,0.0690552660056567,0.24587917353804145,,,-0.008084194689414015,-0.025590852888015103,-0.01735236234328974,,
2016-07-31 10:30:16.657881,0.021491209891633112,0.07629362618873414,0.047799099166633496,,,0.019535252516296175,0.07572043192697331,0.11072346276737388,,,-0.01226670347881853,-0.010338489989544897,0.07567233464991352,,,0.02889540387982703,0.0019488991201432881,-0.02319611484902584,,,-0.03070214089086387,0.00030371807587115107,0.02346604335054492,,,0.0009431151531702486,-0.0053928489750530995,0.12837043641393575,,,-0.0015713034282907046,0.03364706793625083,0.21769674153807572,,,0.01943429638074834,-0.0022775252957353276,0.00907034805675444,,
2016-08-31 10:30:16.657881,0.001979194036063614,0.07384645361901798,0.047257178394154,,,-0.005254235457839318,0.06651727395169238,0.11368893565934313,,,-0.009940468921816659,0.002716299361627428,0.09009452955207475,,,0.03820087217835044,0.04497342780249314,0.026353272925248472,,,-0.02924761979326751,-0.01555903073241971,-0.0037793647737454084,,,0.012253008951905953,-0.0059415246238027075,0.09500602197880936,,,0.02426479877219201,0.07347791997466735,0.2088972203688635,,,0.023701319771912033,-0.016696252403358147,-0.014743731086646061,,
2016-09-30 10:30:16.657881,0.033461192720082744,0.1043905069170259,0.024472434350678585,,,-0.006657078897448487,0.0489021490134971,0.08965928731151562,,,-0.0032144794281450118,0.02596414673253178,0.07531599059222116,,,0.06173336008206132,0.06400069614178472,0.04641951399688038,,,-0.010834236737623959,0.004287173916767806,0.013790529731508405,,,-0.004824757180099115,-0.01121703826909104,0.08920981379258075,,,0.021345951555685527,0.05344086359280453,0.2055567349592602,,,0.00772705877637514,-0.0004196029605635365,-0.038111554254034785,,
2016-10-31 10:30:16.657881,0.06721663403170663,0.09015241071352453,0.10205670829065938,,,-0.0029884672894771036,0.016488404763682407,0.08060416138335169,,,0.04419146245702077,0.03138267541194639,0.0883590559698324,,,0.06464350662422014,0.0954068107361623,0.09029245434581479,,,-0.0075778023038898246,-0.03804728844077643,-0.01475137111244007,,,-0.003925538678256069,-0.002986125760097602,0.058133298407420986,,,0.0449927120196032,0.04335071138866775,0.1633978720179574,,,-0.005154826016499525,0.01417928994765294,-0.024109521579365634,,
2016-11-30 10:30:16.657881,0.011060049671672845,0.01306113369208517,0.07977901250322894,,,-0.014807743613768465,-0.019984175700061835,0.053884465952806604,,,0.036720947200678644,0.026415454844433972,0.09885109806320092,,,0.03238609989168717,0.07182414933235526,0.07650883157099742,,,0.027511455944992935,-0.002540808451712895,0.020899370442896803,,,0.01636632518861303,0.028819870869565056,0.06392294767965567,,,0.054308545020465226,0.07989112970918932,0.1888425602634638,,,0.04213144593876539,0.06683133658332507,0.0023328974784646572,,
2016-12-31 10:30:16.657881,0.025468574003331357,0.05978197558644527,0.10319052865097844,,,0.00438915919005578,-0.002297138686414346,0.09221134576530776,,,0.027225506647070352,0.023923511387887286,0.09601098003852804,,,0.06571853440875608,0.13150892043953855,0.10746815951314259,,,0.029421571572145977,0.01826857456291653,0.027844129399738682,,,0.04074673642876325,0.03572538613951415,0.06667151723583276,,,0.07217471303206557,0.09506130251567901,0.17068105205340034,,,0.06115249523611799,0.06935208293750494,0.04198645109755894,,
2017-01-31 10:30:16.657881,-0.02317261432245632,0.04248643457278001,0.12202150491890196,,,0.008806400359952615,0.00579161543106177,0.08195059098002999,,,0.02478712279397377,0.07007396445736225,0.05901101548774679,,,0.012305714015315994,0.07774470514500109,0.0798451208525972,,,0.041536432842879334,0.03364387566249727,0.03395781199155001,,,0.008684086081859999,0.004724457687804273,-0.000693869574048045,,,0.051432482722988615,0.09873928162620049,0.135708636879305,,,0.05097747646471151,0.045559870426276294,0.04317858137317465,,
2017-02-28 10:30:16.657881,0.0073805214452857815,0.01852220005074634,0.0937364524567339,,,0.012565609369889819,-0.002428202565778803,0.06392755397063565,,,0.03513996886575321,0.073151289007785,0.07606628916904623,,,0.01463541406691693,0.04749549794053154,0.0946049610905968,,,0.006258054426757642,0.033941678560413635,0.01785454820816268,,,0.02101622293361305,0.037726506460993736,0.03156082887008327,,,-0.0040049154305480394,0.05008612845995408,0.12724427297344265,,,-0.003766973467918322,0.03820576443183077,0.02087161894225531,,
2017-03-31 10:30:16.657881,0.010405023456373064,0.03613859856960944,0.14430163211058766,,,-0.03242602480204371,-0.02817918859674462,0.01934493753691502,,,0.03629426705112726,0.06450790350704882,0.09214694291164571,,,-0.025237630136777933,0.038822324207438585,0.10530767612434166,,,0.008204399399369011,0.03786735729565005,0.042316875158912914,,,0.026921472599907403,0.06876517117697323,0.05677679135120961,,,-0.0218733270769218,0.048722684850310616,0.10476733079807565,,,-0.004497268255814202,0.056380207804714644,0.05593694754203926,,
2017-04-30 10:30:16.657881,0.004692572163695674,-0.01858878132369035,0.06988780594127708,,,-0.03845823743561405,-0.02999051571165756,-0.01399660671010039,,,0.025634951140669715,0.05105749061638454,0.08404248668369374,,,0.0037003395328421007,0.0160515888682089,0.11298983050553502,,,0.024794640580462213,0.06736095434667533,0.0267507642462248,,,0.046070310676205484,0.05515447530179585,0.05200365134221485,,,-0.034559382248675496,0.015095625643890775,0.059100743143078116,,,-0.03610816491918545,0.013028608418174326,0.027392634782203107,,
2017-05-31 10:30:16.657881,0.024543934416863644,0.0321056028964648,0.04558607216024546,,,-0.04649675761009364,-0.0345154083332988,-0.05380982204886853,,,0.034790993022602024,0.0711535162999779,0.099448523641257,,,0.027135270333605854,0.042167820317672966,0.11702063747354452,,,0.0632887437776466,0.06994286260756577,0.06722434273940259,,,0.009972681766950098,0.031198492803823363,0.060917500207319675,,,-0.006583689875811594,-0.010562238185186201,0.06848506238313101,,,-0.03031091237461425,-0.03396370543982896,0.03059779131362994,,
2017-06-30 10:30:16.657881,-0.0117350050727002,-0.0014520846193691872,0.05824308247981169,0.1317735042321304,,-0.015664294245094745,-0.04758238825344041,-0.049770223595005825,0.14360593236293995,,0.018890851837626954,0.055870748510172374,0.08113088438629235,0.6074291700265093,,0.031906213026451136,0.005863345686246246,0.13814334838714704,0.16528569328081355,,0.04973168100315606,0.05834409897627668,0.07767853706164796,0.28198186872306463,,0.005892927667060732,0.03297304655769007,0.0698764075176741,0.26963625426778437,,0.005898578595005199,-0.0161037700208142,0.07742668714127321,0.4944780845660115,,-0.027235180745392995,-0.03160996508739966,0.03554990092971266,0.15865946225471794,
2017-07-31 10:30:16.657881,0.011669564533135945,0.01641689697052251,0.05960082696232871,0.14449811139166835,,0.02420013777042862,-0.015188794309535125,-0.009485146533975697,0.20833695731652302,,0.02871472626953553,0.05508577801514236,0.12901982132324363,0.5950694353698864,,0.033538557597952545,0.03736300118134883,0.11801248183652624,0.16969832855609934,,0.04279774326462227,0.06865353850698575,0.10460718528280277,0.22824888509522,,0.004721248079605944,0.05100906812161843,0.05597451599345726,0.2851635689533194,,0.005425688669345119,-0.02932120202801658,0.06652292517352087,0.46466158744342034,,-0.026955919651317495,-0.0620907557781849,-0.01935973213983233,0.11375961362632636,
2017-08-31 10:30:16.657881,0.0005440770758744495,0.025101365284806,0.04408849784490454,0.11195996938963515,,0.049298517085341276,0.0005095382757933642,-0.0019199015521341734,0.1735486720847772,,0.046004441472819124,0.08239597469771054,0.16157463546368622,0.6813209899610122,,0.011056845911447954,0.038492146747897804,0.08781584836502088,0.17951735555656434,,-0.022880453605233164,0.03896021500667546,0.07422426866149046,0.18600817864611185,,0.044500066635897007,0.05491653340601488,0.09471484881936632,0.3492819751656371,,0.006389839824674892,-0.00023591877489859137,0.049838393426989924,0.4810074239416704,,-0.024371186991501537,-0.053943386452750985,-0.017798570336389208,0.10045337490364004,
2017-09-30 10:30:16.657881,0.030332044450965823,0.0182410926827683,0.05503889877831103,0.11762555815415077,,0.05762374395922176,0.041056814433245714,0.011720678119405248,0.18917321617002814,,0.07105423790558119,0.09128736482391786,0.1616840248524407,0.68210816994395,,0.010696514524424217,0.042944012821932054,0.08343352341791221,0.16835058036088224,,-0.0024913196795989245,0.04711646380797463,0.08676799707314853,0.2093486432616738,,0.04347418323273988,0.04962330111697577,0.12180082708962447,0.3748712079551124,,-0.0065814190602752065,-0.000721661482863678,0.047965862082448796,0.49466683787621957,,-0.04758317648785049,-0.07352242082115701,-0.021287422380644738,0.059542162031765544,
2017-10-31 10:30:16.657881,0.04857741051761133,0.06081385227763514,0.04109461555250493,0.177900907862506,,0.04843449861771498,0.07380675792753388,0.04160273948262416,0.2164028565248024,,0.08952239948492835,0.12080773695066571,0.1780333674627954,0.6915153603041955,,0.02023701279347634,0.054454290610613354,0.07137995736381364,0.2034760158750375,,0.0008847086355845413,0.04372031543325661,0.11402631195185342,0.1819913776807185,,0.04352853515692523,0.04845529224954892,0.10628229377096399,0.32158165146477047,,-0.002677123236194734,0.0027340401959414784,0.01787093788712535,0.45581750029859935,,-0.002434151985538313,-0.029324456831514634,-0.016677905278473792,0.0683505046743822,
2017-11-30 10:30:16.657881,0.06300895601549517,0.06358731481991242,0.0977344267952378,0.22076602282442304,,0.02196579890698236,0.07234719730503292,0.03533469591498073,0.18523132503171924,,0.06617133476411707,0.11521995153427045,0.19457177253382474,0.6593386073203551,,0.01076917989910875,0.021945098973293664,0.06503829628132629,0.15632285677809832,,0.023059393479922585,-0.0003486695079927271,0.06956980615607988,0.15761118916913008,,0.009357282406639023,0.05427374873316215,0.08716550069627371,0.3356305772407777,,0.01077026902587086,0.017228929144489813,0.0064847149060038856,0.46218331463374485,,0.02224259929841832,-0.0026706662397620873,-0.03654366595809577,0.059842853593670364,
2017-12-31 10:30:16.657881,0.07121588858519168,0.10370805653433846,0.10210537904117145,0.2900229912014345,,0.022935549597741245,0.0818809257945472,0.030402447539399358,0.21767114460943504,,0.08774650259772221,0.16503550137426437,0.23012690687696846,0.6840095159827184,,0.062430689861113775,0.07379499516640697,0.08009102641922938,0.21201007719786213,,-0.027570083585281457,-0.029992717373076183,0.026601483532218584,0.14436562905486316,,-0.02164250244960053,0.0208907906660305,0.05455267023697852,0.3279725507155884,,0.036958997019892914,0.030134335312182348,0.013545288885770779,0.48950111981029987,,0.03327020932803482,-0.01589606940205912,-0.04700356029063313,0.032594638875939275,
2018-01-31 10:30:16.657881,0.07882968073835617,0.1312364330181668,0.14980782498832768,0.3518082187580647,,0.015696144734287376,0.06489087825243867,0.04871646974056221,0.2300649166498867,,0.05426870503442016,0.1486493692109696,0.21192361338055865,0.6721528970519397,,0.07076588761475322,0.09243499058123117,0.13325164042486426,0.2567137952066796,,-0.01652239557092139,-0.015652304441378995,0.051926647979917195,0.14057271375613056,,-0.034507598235974934,0.007518871717954623,0.05891147047923195,0.29320094654761975,,0.03685240331693174,0.03407662165550773,0.003756252119497372,0.4344921837083102,,0.014101338427198629,0.011632861640728853,-0.05118018730859186,0.02172760898230086,
2018-02-28 10:30:16.657881,0.06798668769070138,0.1352794139205391,0.16377647718967903,0.38594035697962203,,0.02945059314871168,0.05206329786248998,0.05259936438130808,0.2368845066282128,,0.045057572430893256,0.11421042690399319,0.20601688104710014,0.6090600910073465,,0.07293951795363474,0.08449419664334057,0.12623870640777923,0.2349981489214521,,0.01524693799318988,0.038657916615661536,0.07912425236539322,0.18309661578539416,,-0.016030425309607854,-0.006823144119689206,0.0477186858643428,0.29939384812938763,,0.009637510803723437,0.02051157841369,0.020270820572340975,0.40112435741612074,,0.013937163366726013,0.03648976140526683,-0.01942200634853719,0.02630891280965786,
2018-03-31 10:30:16.657881,0.0562295694059447,0.1314498967411435,0.15208877917350727,0.3760713056659237,,0.029118560484301614,0.05272196027024556,0.09594337044286383,0.266258505887762,,0.007883942419586898,0.09632223339130941,0.19640260107547447,0.574707878119721,,0.018502613943672586,0.0820884347575237,0.1285576543742153,0.2740039305331976,,0.03917359346365523,0.010523490632244892,0.058135784105727284,0.2248363426575175,,0.006890627710897768,-0.014901005165815051,0.0339828588848714,0.2975951476562555,,0.0037861376131498314,0.04088506648180412,0.04013389982123616,0.37367017917814005,,-0.007398400050849241,0.0256256629588012,-0.049780818638233804,-0.005436004168637987,
2018-04-30 10:30:16.657881,0.005744326713283288,0.08502683089250418,0.15101149230367183,0.34906182080779136,,0.014786784441052081,0.030715024684080827,0.10678875900321105,0.26536631516070175,,-0.009584278835030768,0.04416429979832337,0.1703074258616355,0.4675712224005013,,0.015333014570259484,0.08718395657088696,0.14638578768919452,0.2819928700687053,,0.025093603645990337,0.00815660162932974,0.05223352625868416,0.1736830228941224,,0.01775076263267006,-0.017369371788615195,0.030244282474725326,0.3065723628916297,,0.03582313616307364,0.07399570814196421,0.07693205557829286,0.3805573418740573,,0.021283479362546043,0.03568494333514427,0.005314044923262928,0.012905152908235795,
2018-05-31 10:30:16.657881,0.003966135005312399,0.07222246707795921,0.1404022146490287,0.3376670347445121,,-0.001035670818337442,0.02838442121046736,0.10278515183720338,0.19195486927206074,,-0.024113040707367417,0.019858056645324362,0.13736605250383405,0.44751225196679667,,0.06660242968877883,0.14439989675845388,0.16951386575784522,0.26958826326179963,,-0.0069999973278200844,0.00814021214015992,0.0077887043884052876,0.11265173788686123,,0.04505930582112261,0.028306560675046333,0.08411661256978609,0.3019488396267478,,0.032761297838834746,0.04271454600442404,0.06067940103546321,0.4062820647137986,,0.015356531560759779,0.029507721416594412,0.026758249901432718,-0.00577284888498153,
2018-06-30 10:30:16.657881,-0.03917818438398113,0.014848412583945425,0.12009636912998523,0.29057244109056346,,0.001982293405096147,0.031158575419811596,0.11559079421617224,0.22224725281057212,,-0.02417639168050756,-0.01648305454084298,0.14583215766309388,0.41849867892462433,,0.0800385964378647,0.1000221336320204,0.18119826166633635,0.29523853146946744,,0.027006501730307386,0.06723803691362118,0.035228668102674554,0.17063900207605798,,0.045504897785539455,0.05270908280609965,0.074701007887231,0.26746818577449893,,0.033262182792954675,0.03717425560747234,0.06842881240311116,0.4341984400483865,,0.0561581315026769,0.048344251128862537,0.0316796981556684,0.049817312103217715,
2018-07-31 10:30:16.657881,-0.03481226437196627,-0.029267910678864917,0.09812750613991339,0.21919473711795479,,0.026876914465672197,0.04206112204736878,0.10968138344974454,0.22085823950715344,,0.02150872446420382,0.011718300016522187,0.16210958713317258,0.4113302484581831,,0.06932108677607984,0.085717002579903,0.1860752434872588,0.2952877898110684,,-0.00291446676158591,0.02210600241064964,0.006107688089557417,0.1374328574448691,,0.0414407948412292,0.05992716318643532,0.06789661955680937,0.272431313440914,,0.0495990562614137,0.08719898617049981,0.12424705468648356,0.46006132590326043,,0.04900101114140587,0.0713274025133237,0.08379000595868247,0.07244816132929088,
2018-08-31 10:30:16.657881,-0.016491487568347063,-0.012590760029169146,0.12098538325381014,0.22571812195399632,,0.05668667313537701,0.05559229358388462,0.11054990958609134,0.2344325988426752,,0.04495476033562307,0.01975772366229278,0.13622468862040793,0.43871741958029276,,0.06909311051462819,0.14029730923843653,0.23664581431710086,0.3806944693347214,,0.025109120421027864,0.017933359317356512,0.05728454224214685,0.1314682601226802,,0.0298931257351307,0.07629939505070182,0.06895564916233643,0.2813778228741235,,0.07684260960543088,0.11212137106426256,0.1349327357723873,0.4403961540896504,,0.05822534278209757,0.07447601365692691,0.1136833870309506,0.07773381638656063,
2018-09-30 10:30:16.657881,0.03399946022310707,-0.006510761282450761,0.12408329656040817,0.2149747260939623,,0.02857549786824154,0.030614436294309044,0.08495044965855914,0.19608282806534327,,0.05538609737800404,0.02987066971363106,0.12907011272465185,0.410408876795183,,0.053600694524978953,0.13792941532071779,0.23134025988893958,0.3960024441155805,,1.8257855767922493e-05,0.02702525266688882,0.03783314329240772,0.1434379621499291,,0.016371242213159443,0.06262111170223084,0.04678698902745171,0.27904439098082,,0.04770752441898263,0.08255656360976094,0.12681696068325898,0.42360060689354473,,0.0423847560483086,0.10092313625485527,0.12913502148806866,0.06298162030591992,
2018-10-31 10:30:16.657881,0.045212212430065346,0.008826008566142018,0.09460328699645548,0.25588794221117817,,0.0015217558972571155,0.02843957046601764,0.06002811725896695,0.1931255177499831,,0.04544379538321608,0.06792995792092493,0.11509433674615543,0.4296884126784959,,0.04055481817343276,0.11268720901930118,0.2096956823274212,0.4130666759400381,,0.04360670188228255,0.040565144837478195,0.04905262019328349,0.1514327038689498,,0.031055136484160473,0.07378288086519613,0.05513194678719824,0.2351312658987592,,0.01416279931733766,0.06446431705891098,0.14323010799153768,0.35380038473943465,,0.015329420166244168,0.06508158839600742,0.10308896452522442,0.05854035207715236,
2018-11-30 10:30:16.657881,0.0213281916010708,0.0044849704260792045,0.07703135313298182,0.2766166743988743,,-0.0006810360415860917,0.05596703142630832,0.08594004443067926,0.1848943253423907,,-0.005513576753125471,0.039193322060968816,0.05982968191589855,0.39119232506110535,,0.05472058185276696,0.12759450757677304,0.2904190380562588,0.479495276986198,,0.035073886296292045,0.06106368115196692,0.0697009646107627,0.16803123801022646,,0.011243400668009107,0.04147262679299901,0.070953134894715,0.23872900012080467,,0.008384463803493114,0.08587135748772656,0.1322538595420224,0.3548004676676426,,0.03826560294607595,0.09871897357647219,0.13113966696389356,0.09234607707209364,
2018-12-31 10:30:16.657881,0.0360418409457397,0.07126670430644899,0.08717331431943465,0.32182033963534984,,0.027613679848341066,0.056978252366223225,0.08991218895967679,0.2266059717995086,,-0.0134771602826671,0.04116248978354209,0.02400095167855998,0.3805914621847175,,0.05273827066124559,0.10916577312171372,0.22010690030095748,0.45945090433531455,,0.03402322232716748,0.034042101374021305,0.10356906235644625,0.16447096462103028,,0.043537977279444195,0.06062199026411652,0.1165264025749182,0.2559373370747666,,0.019359920441889056,0.06799105873810274,0.1076928313421277,0.3143199303605877,,0.027189165100331536,0.07072632727857475,0.12248978973481472,0.11464288805215839,
2019-01-31 10:30:16.657881,0.05564765377850267,0.10337581975243659,0.07108231481470262,0.38181304779037895,,0.10073543000176177,0.10241048063368652,0.14877910240591907,0.303473011900538,,-0.02565622475883389,0.018621654396135945,0.030558168545675946,0.32266004628778266,,0.05643667108342054,0.09928026819095526,0.19350727777551557,0.4605381259559702,,0.025596154555808992,0.0703190203191395,0.09397949516247883,0.18986436416017383,,0.025385456939184925,0.05722894225330455,0.12058567360114059,0.1857776770842514,,0.0508144515050819,0.06569692570150654,0.15862461718769683,0.3208026864973146,,0.023822654617752903,0.039517262266107744,0.11366332845131066,0.10229116225770274,
2019-02-28 10:30:16.657881,0.09673330831027838,0.12012464644519616,0.10602142581904661,0.40781569187904654,,0.07811903632680361,0.07738479840594481,0.13727909042174247,0.27362687446776013,,0.01574281259997523,0.010142436641269681,0.030100551763983185,0.3368172246244505,,0.022892541625463725,0.07886581667606474,0.23022778778504494,0.5166081784503067,,0.051066137437563386,0.08793111163193146,0.10744137116935781,0.21640422023877792,,0.017953551369653376,0.029398811009125003,0.10794131755503322,0.1974469729233772,,0.06424459467838362,0.07316771496052765,0.19349275054380377,0.37262937583132505,,-0.008056699497440811,0.02990060898461011,0.10660350080462533,0.10775906473584373,
2019-03-31 10:30:16.657881,0.07528337668097551,0.11403856911490928,0.10678532993195922,0.4591161293628132,,0.06997278344850888,0.09951866933709419,0.13317981359391817,0.26592539964726325,,0.00973493744635645,-0.0038734221486167453,0.025881545851351717,0.34046549897030576,,0.021366494941435166,0.07523159759598408,0.22353766318675938,0.5262450879838294,,0.00814366230088659,0.04244395826107472,0.0706162696241519,0.18079637050856845,,-0.040994742387818306,0.0007584067289683194,0.06342701070368961,0.16199509040009796,,0.04308880999534903,0.06328292637068378,0.15106391091677795,0.32269439137187206,,-0.00918683838490586,0.017752544249828306,0.12046732294687934,0.12424502543236149,
2019-04-30 10:30:16.657881,0.06519976820352014,0.12447563610945078,0.13440026770617086,0.39696079450089927,,0.008992563908214457,0.11063386370208872,0.1422198137307895,0.2465015952295957,,0.03466360674112101,0.008118044696785232,0.07659946105236282,0.36584187203657126,,0.05043900512333699,0.10972228574867837,0.23477379291621614,0.5754672973897019,,0.025828386623276023,0.052085648555021624,0.09476365527008834,0.18276248459842948,,-0.035238952882635566,-0.01074805286443481,0.06224180569673177,0.15127970727884432,,0.027643408010420645,0.07986254413128324,0.1494751455562049,0.31106783319393894,,0.03671264205194813,0.06140988926140967,0.13048813079377286,0.16762720428530553,
2019-05-31 10:30:16.657881,0.015184066987275813,0.11338618033083825,0.11837968442242741,0.3335432670332039,,0.0322422268601259,0.1128799948782726,0.1751645845253349,0.22621899770828136,,0.07096298822856273,0.0878229578537546,0.13045835338623224,0.4136103924559651,,0.01404434379251085,0.03725839614284698,0.16960687042856715,0.5279406417996275,,0.03377942650981236,0.08657054878408799,0.1529205463241574,0.2400082878838936,,-0.031657502679583005,-0.014272315910522582,0.026608400451247682,0.1807621588113626,,-0.010939826975614464,0.05260194295286924,0.14299030068845053,0.2953738772848771,,0.009976439268911008,0.0018393625982262574,0.10073991616243028,0.16477522364338504,
2019-06-30 10:30:16.657881,0.011187109861354738,0.0873126899479939,0.1648018819111674,0.3806795468559472,0.4766139791862005,0.07046032378681577,0.14536341221337157,0.2106242177655031,0.2833434980693834,0.5445098376143036,0.10936549486865221,0.12016509856634494,0.166273882991963,0.44477371136539,1.148094593611106,0.04138285214350579,0.06363355358592715,0.17974593278133066,0.5860185135826634,0.6238417469780024,0.06427818819329123,0.0729453103521367,0.10947062337592484,0.23777392968299127,0.47242770535098866,-0.009962364797238998,-0.05054870260662103,0.007008924700212971,0.15785609584412552,0.37404289521579215,-0.018669430261451847,0.023614936200640146,0.0932115994530569,0.25845459485923583,0.7455784554851326,0.07487218084190128,0.06499750383207559,0.14032086583896786,0.21826842138962044,0.3631001584200917
2019-07-31 10:30:16.657881,0.024499615867925595,0.09129675334711007,0.20411044981754012,0.4010750004403407,0.5133318615077478,0.026990323552628315,0.036225599670293374,0.14234596137745803,0.25561629520333606,0.5317363171223621,0.04587370680440461,0.08212746167795104,0.102278465281886,0.4462386826957825,1.0432334981629952,0.011429082877637553,0.06244455957079498,0.16792434038300486,0.5487224820849639,0.620320102076388,0.04239890970478144,0.06932239176031807,0.14451609475422256,0.27196228981488346,0.4143365036579192,0.006225471924933501,-0.029232860069536848,0.026323116522949164,0.15735544731428752,0.40854825063525535,-0.025477084523431337,0.0014620500445923224,0.06725502793925009,0.2796764071173121,0.7573863942562622,0.04795543436738581,0.08642864711570941,0.12936133289719387,0.20029439699071427,0.36323121499722655
2019-08-31 10:30:16.657881,0.02630508469123871,0.0418885698465723,0.16704506593468316,0.3659188172351253,0.4547110224243809,0.019654916285165802,0.05253086141507479,0.13398074994171605,0.2569244062385996,0.47789938918344754,0.018554213654308427,0.09083386432801221,0.10189757768311036,0.4542951979196119,1.105019313619636,0.03761722508683829,0.05218987812098885,0.13517169215729008,0.527081676896507,0.6558127406941823,0.026940682400313998,0.061630149711392024,0.15498046891748807,0.3117814422153087,0.4482855810007831,0.011268630162280857,-0.02074560920685975,0.00804330555792343,0.1796139110764121,0.4539236309680037,-0.004243110289534058,-0.015136518372742547,0.056923692125993464,0.2593203091657357,0.7765236427550004,0.07425924033299469,0.08497652240324327,0.11741798115710478,0.22230041394166467,0.3694590285099595
2019-09-30 10:30:16.657881,0.03306506836439005,0.04462208077811036,0.1637492881358853,0.38015033414842625,0.46202314372049247,-0.050379330006397494,0.01653124987600485,0.11769508720323785,0.22685679494842326,0.44204351278138265,0.025217934356865923,0.1373414010960219,0.13293599772247777,0.48598458686414325,1.1516925088923928,0.03302486195432475,0.07577437707714618,0.15670660211748455,0.5431337260836377,0.6640810400222679,0.029434887869681292,0.0956050973249083,0.14210691434638711,0.2881639395896092,0.43346079092946455,0.04480555725812474,0.03439682315453663,0.035181316665640505,0.21559945564488459,0.48983014775272093,0.016784052484442924,-0.0021987264743716928,0.06094505805072492,0.2528336367120543,0.7868605819356789,0.00012012678646589059,0.07500130178284747,0.09408530996137054,0.2090721961357127,0.30892664306227413
2019-10-31 10:30:16.657881,0.019699943360014238,0.044682200272879946,0.1747196816840677,0.3386936194902872,0.5146062674721699,-0.014278582832967346,0.012326357149126332,0.12432393336799463,0.24139775049644108,0.4497271488911292,0.06622149757105245,0.11513302993918018,0.12418572971908781,0.4767509882533181,1.1204382226921759,0.018711014395870862,0.030353947007763393,0.14340673720362807,0.48190510807232423,0.66461696722047,0.01168470523725551,0.05457903370431838,0.10950746662733546,0.296650555813458,0.3757572513266241,0.05605706844528102,0.06263152207601452,0.05121030230132684,0.22705023399360913,0.46585286938275816,0.02413245924383811,-0.0019594499835066115,0.07774660748699569,0.25413137410740805,0.793730751257151,0.009542332238709594,0.05795537329348077,0.12292429561094642,0.21802672073992357,0.3233501706049813
2019-11-30 10:30:16.657881,0.05585621403253893,0.08363060116443544,0.20649933592008063,0.4264374025163211,0.5863092859004102,0.0027819993051692027,0.02249159555378366,0.1379104416229715,0.2793656881619606,0.46459332983160917,0.07984874658224084,0.0998844909406651,0.19647960023254551,0.5147941699012248,1.1041485376214344,0.006721307354720318,0.04459136937319874,0.0835111684207046,0.48911890848199246,0.6167514692667413,0.02339155222229028,0.05096241900187559,0.14194481236632028,0.3065217312739985,0.41406775538192053,0.027640786471704537,0.039220890434129796,0.02438880158503931,0.19269926331587972,0.46528344076132,0.029715642567393452,0.025346445529121464,0.07928166076377163,0.22994528259807745,0.7868184618137479,-0.00588853203127504,0.06793343038640076,0.06989774719564901,0.16597849871783477,0.28262582916002277
2019-12-31 10:30:16.657881,0.04103753041242797,0.07545950752541075,0.16936077005759942,0.4011041702142877,0.640003421648409,0.016716818011430767,-0.03450469408622148,0.10584299805739827,0.24191497419341368,0.4676246468017715,0.04243593234433285,0.0687240132574305,0.19714733965072928,0.5079879911794727,1.0643936108844754,-0.03513013454581415,-0.0032654404353016364,0.06016032157170437,0.3971073811624841,0.5677458505605613,0.05361129354617056,0.08462422382993195,0.1637424744526521,0.3184336837023616,0.46967466540761493,-0.022262159288293448,0.021545929517150064,-0.03009189187301664,0.1420046254585665,0.43809867273714653,0.040682706263563295,0.058149579425143205,0.08313771423400218,0.21603530068753685,0.7870794348954628,0.03433066614950886,0.03445491696857683,0.1016919043983513,0.1785115293666002,0.2769456803517103
2020-01-31 10:30:16.657881,0.03478021032278833,0.0551653218562107,0.15149848998614135,0.41811509939711455,0.6672522180212084,0.026731065890904793,0.012070801319400637,0.048733673005990186,0.2634551437292614,0.48193710207171114,0.06127489460704183,0.13155410746248086,0.224485774059634,0.5293310333042391,1.1100961229378274,-0.039249292135492664,-0.02127267180979664,0.039843525138941516,0.4064342044669853,0.5596582469022946,0.0731765948710037,0.08571634704959297,0.16098080100034595,0.3360406648736032,0.44862907480267733,-0.03866583220000663,0.015223743043144777,-0.014454150576507008,0.16944971356403649,0.4281963305548262,0.02545318064976798,0.05019988773826256,0.051735332530961076,0.22314368983588873,0.7480240436030077,0.037362491427969546,0.047261348973150596,0.13777473054147316,0.20224768079987698,0.29462900318638896
2020-02-29 10:30:16.657881,0.017839537316135967,0.0746922003632462,0.11970951966172816,0.4412472297008758,0.7163800258715509,0.019485277026534797,0.022321484358852617,0.07602491257536115,0.2881086133526598,0.5136258301340735,0.03809296137441831,0.12098338317601232,0.22280663571737835,0.5191154945243956,1.0267942798179064,-0.00384761857466831,0.0028478277530277207,0.05518633365735659,0.4619924815791958,0.6031752400397836,0.05949008817435297,0.08427320590088216,0.1510971259086049,0.37563800675143066,0.5081791246614522,-0.006831259793387723,0.020620705285035124,-0.0005526930152378595,0.16016924921065434,0.4388564464415834,0.003080516366855246,0.032887698457529035,0.017253374832846946,0.23869501796263837,0.7010834046041345,0.05215085246583584,0.04595522846935718,0.13483686637417347,0.231424012967411,0.2888535620201811
2020-03-31 10:30:16.657881,0.04829569882873619,0.09131516545063767,0.1400119189177531,0.45364625189837127,0.7362558615154386,0.04701885795254768,0.06452168165547656,0.08211955557334827,0.3438852545492723,0.5527318111541726,0.038182432612135386,0.08223867208353863,0.2308748476277902,0.5107355997322645,0.9884336999232597,-0.02163574219258879,-0.05600581020417872,0.01552476149204507,0.40226989501050214,0.5829916628427518,0.0025998220725433896,0.05635049544301274,0.15734298736905727,0.31110455130122894,0.5176582510293093,0.04786582215715218,0.024538066311531326,0.059778920993539764,0.1652961279831351,0.4623865262953084,-0.020374743876358847,0.01947906266688726,0.017237507061734103,0.21789838255959793,0.6084378075543342,-0.016474047880211673,0.017291053231390574,0.09358920651578884,0.164332991807687,0.21867006636405084
2020-04-30 10:30:16.657881,0.051288640659385765,0.08785268069147745,0.13646033203752306,0.48388505742912624,0.7392117201525394,0.033846988429034885,0.061482820397844806,0.07456703674973042,0.3584634034782286,0.55310018931528,0.011049616693404873,0.07300157539878316,0.19653949790395875,0.5075827450107135,0.8905161183065542,0.011950721947572074,-0.027767627564870834,0.0017434623472571964,0.4179950454580432,0.5857310493479482,0.015395632540927684,0.08969882737716173,0.149173536404136,0.32378703233784023,0.47657941607949494,0.030559350854422407,-0.009288084077862413,0.05276171115518591,0.15210930409484646,0.46112354260754196,-0.02692960673815048,-0.0021618702335158835,-0.004117084140428773,0.23281006558077966,0.5803828833564231,-0.024275271116887653,0.0121802357020655,0.07084151910246184,0.21700666994493023,0.22619626507357427
2020-05-31 10:30:16.657881,0.022756087317031604,0.04100158270202914,0.12806117087652846,0.438732228056532,0.6876016624433221,0.069259331838049,0.09009414613212097,0.1146121027824718,0.44448607410722096,0.5612852664541106,0.0058897666524753145,0.04420708668049089,0.14850717997020646,0.47668731232561923,0.8793623848800842,0.00888285939024036,0.005001062960785951,0.04981543657972787,0.4360125660406837,0.5588910513346619,-0.0015983374602012157,0.05779666547771223,0.11170454236257399,0.2916898453321486,0.4260935302820419,0.03886382725127269,0.03176707855736649,0.07223390209900682,0.19335689791689492,0.4331388436347421,0.0005811337544487927,0.003663440313345978,0.02910274103281907,0.24762886698941267,0.6541455385610417,-0.012878526262726786,0.03860070008000416,0.10915640843815622,0.25356168486188024,0.2138447027884267
2020-06-30 10:30:16.657881,-0.0009557901245200728,0.04729374815221865,0.1263220186222267,0.4695014784704521,0.6931561984518124,0.0701966831376506,0.12051610896338727,0.08185304340492272,0.46110877978690135,0.6007986094997293,0.01742947843766629,0.05627741093571248,0.12886903372838265,0.5085687839091158,0.867553474329352,0.06889217010647597,0.04576589468237535,0.04235100844402018,0.45253056162608307,0.5927669491326575,0.017984130439563373,0.02063070805137901,0.10700078953722092,0.2714521727078605,0.43776109424603304,0.04622540312649592,0.0963038422088438,0.11992472752245642,0.2120200646886643,0.42941791367001914,0.02865376309454115,0.00769520613403718,0.06629225855946452,0.2454493732723384,0.6718208340795839,0.06885992245145478,0.05125147291174992,0.08747225512401835,0.2793522614077011,0.30184412342826783
2020-07-31 10:30:16.657881,-0.014534462721153774,0.0360087251025496,0.09316047986867426,0.44544981547831153,0.6048089114842208,0.08901484967229645,0.12587472268820177,0.13946493277630645,0.44443138071102206,0.5891461989400923,0.043346859097928014,0.05487544196922811,0.1936486392215797,0.5290261543558701,0.8569340501265812,0.05109425910787202,0.06365559433915968,0.041028797962128216,0.44208113066270327,0.5748664266630958,0.02533541919332305,0.04112110653842138,0.1303622046271251,0.30161936050562344,0.47151706129661175,0.05697396423656387,0.0892744024536587,0.10585723606008823,0.21202725702330727,0.4441673532222594,0.05068460115650941,0.022390078041534034,0.0737139451839326,0.28830461231874827,0.6731231205706378,0.07908956056002037,0.052894368918022794,0.10265557711932227,0.3496399795155143,0.33551601927495067
2020-08-31 10:30:16.657881,0.025113393653539262,0.04844096354937788,0.12675132606784278,0.47406167369666563,0.6117820386590662,0.0613600878121221,0.1348691783335627,0.16020114294707954,0.4610902822167391,0.6240760173424418,0.03933741480851527,0.045458869654924294,0.1719420206771467,0.46727519771523407,0.8579022330822368,0.051134872168386636,0.06047195543803663,0.06349199690404062,0.4929357247728614,0.6668378887486037,0.04847230052046525,0.046796487966559885,0.13501338393328632,0.3860136445854798,0.4832624372051586,0.051366440870349805,0.09222656460612066,0.11474904669934993,0.20120183284615178,0.43990388245851375,0.01830983331547853,0.018901607532105125,0.052410936358512794,0.26240617036127833,0.6021786449308177,0.06718396264899651,0.05344020595886079,0.1018512913025067,0.3711986653516368,0.32693653137209666
2020-09-30 10:30:16.657881,0.046289497818137404,0.045289464648733846,0.14074024505694172,0.49226064765476796,0.6129222604703268,0.05658656117150018,0.13075543321355587,0.20371367530556106,0.45967591021864584,0.6091917297261047,0.03187446240446934,0.04985949609732665,0.13619854693066347,0.45338447653256075,0.8155350531342502,0.056057560929940076,0.12881165805975536,0.0655916465821964,0.5177215514677309,0.7206803548573517,0.041640166238986254,0.0603731588597165,0.12012571171593378,0.327703386118843,0.4628039815216758,0.01615471465152729,0.06312687597518374,0.08921395375543417,0.18028785261372948,0.44216595491979027,0.036851574149377786,0.06656127351925623,0.08733688740421286,0.29990133864743074,0.6422723469463194,-0.00895531138248995,0.05928794902163781,0.07760415333554138,0.3312398859812118,0.25324562969560693
2020-10-31 10:30:16.657881,0.04484908678388666,0.02966276668279466,0.12012140094408141,0.44031037150507535,0.6525333425394555,0.03349194690062407,0.12548807719151212,0.19468625850139332,0.42384498200273746,0.6026233207290539,0.03993874889009552,0.08501682730870996,0.16422476503643524,0.45944089514157205,0.8711831528636202,0.06107387153531918,0.11528865486013795,0.0843197348646556,0.4998030743764541,0.7519461926128972,0.044231155580749304,0.07068718964211573,0.16672657504076227,0.35799006341092454,0.4905202469751373,0.029425610848507144,0.08807606878519292,0.07796992677520587,0.19564713123885147,0.3996175163418727,0.03176626402746452,0.08406092560643841,0.08171732656005215,0.3327972994008297,0.5782837454118894,-0.03311601696810473,0.04335441236241011,0.05606271502577442,0.30812946498758786,0.25530022415412645
2020-11-30 10:30:16.657881,0.04211317103275669,0.06828416932844039,0.11208551104642872,0.4450857411698921,0.7128754402062041,-0.004884174799414498,0.05617621961812569,0.1513315142896723,0.4227032484215283,0.5523444543244891,0.01804982575243752,0.05809727404379794,0.10487267195384331,0.4010499163301462,0.8390972850491218,0.0513268446457249,0.10508630845387734,0.11061291465955714,0.5528405851680191,0.780367651060963,0.0348361477518806,0.08499703649515045,0.14770624725776993,0.40196847791567625,0.5308418250394131,-0.022923593433537448,0.027265344030172667,0.05989856291323936,0.16278545848498926,0.34494780528909463,0.05941634710051491,0.07881408382761834,0.082766254832918,0.3231629130229834,0.5832330517196054,-0.03803930345607842,0.026589028050331143,0.06621608322752515,0.29033873576295277,0.24608525124759661
2020-12-31 10:30:16.657881,-0.006072995866577835,0.039935386022643904,0.08911782826377923,0.384593125171657,0.6834329272668502,0.01702810992351944,0.07457823327884183,0.20408222073035898,0.45124630056540527,0.633257611812367,-0.019953454337479082,0.011285002436870917,0.06819750409213365,0.3094819724481732,0.7654862801477642,0.04681150943929957,0.10549320941185547,0.15608709520587993,0.49540897430982866,0.7887580009335946,0.026073164694659257,0.0687990218459078,0.09084910243121014,0.40094498551994184,0.4782579670962923,-0.0593965523718436,-0.04420137207516783,0.047845708171934564,0.13474146837098933,0.27642675960682705,0.023916495007349603,0.061649429645883824,0.06981904084909218,0.28355164123978005,0.5229831375584939,0.00893266949049143,-0.00010263672876265062,0.05114357589946339,0.299883999141636,0.2907970016175585
2021-01-31 10:30:16.657881,-0.04395694535096362,-0.0010792874238770844,0.03489057391451955,0.2763819459193748,0.6466719713699971,-0.0020432091970875588,0.031380306649600787,0.1612050167351915,0.3989772199165027,0.5873626588486334,-0.030509610006335675,0.008210623230981984,0.06353662677885286,0.3420809285592057,0.7224809596096016,0.03639682363635677,0.0996935901027367,0.1696952391716906,0.4516629268292933,0.7764525530357111,0.011456733759677817,0.05619463391379864,0.0996265259802771,0.3966237643134478,0.519034730215852,-0.059430957203524315,-0.03175413857404241,0.054685432132988154,0.164782525162263,0.23254575668156252,0.03133597871533533,0.0640976697162301,0.08792289958499122,0.32570634239688645,0.5112716168542057,0.01078381177091381,-0.022689322090777453,0.029004909454076078,0.30385005601185355,0.2905357992255315
2021-02-28 10:30:16.657881,-0.0709945009813232,-0.03187113351077819,0.01502596162192682,0.2570312116934437,0.6000307260713882,0.011090783072864152,0.006152438950259409,0.14185139166979055,0.3973299457986039,0.5648550883035368,-0.018559755841646597,-0.0008449304481585873,0.04457552962365563,0.315761741970467,0.707535208243437,0.023644391727730474,0.07618482839440732,0.14126382938016468,0.481496887435122,0.8263693261864173,0.01165472730558581,0.04689688085989174,0.09588797814728078,0.39700794470785694,0.5344616915073381,-0.023587702595977977,-0.04597058112517405,0.04201627471082503,0.15385480416359498,0.24706960607610196,0.05971807454726341,0.12268265149325286,0.14390315835488177,0.3887951264655938,0.597245552375133,-0.012260887021757427,-0.04983379487577444,0.0009432828212132538,0.25699903736834595,0.2583116509179173
2021-03-31 10:30:16.657881,-0.03385106586897302,-0.03971848435244929,0.0037721514033028924,0.2665079740591998,0.6696844120892036,-0.00901523184440467,0.007859365720282119,0.13964245370337736,0.39747064519531783,0.5611764027135819,-0.0004375274319604605,-0.020382251585804534,0.02846099571812477,0.29867039554308517,0.6969043519687887,0.03784540468930864,0.08642851464745616,0.22637317298259219,0.5238088846028621,0.9008044420094352,0.04095763312016798,0.06809869292867288,0.13258318499471122,0.40335010957859874,0.5477727762580502,0.035195735895768854,-0.026291321846473314,0.0351758651152847,0.1666406430580365,0.27477550019874397,0.06784082585236129,0.09337983563250352,0.16615658993247773,0.36545902881742043,0.5690570974694258,-0.005383232130121485,0.0035013507269610056,0.06299688765200573,0.3025230081215453,0.3069145189709981
2021-04-30 10:30:16.657881,0.00794148483288537,-0.03636454393288291,-0.007780450232295677,0.27917034142079844,0.5752383592667103,0.02617164470226019,0.02407496136001419,0.1525841591610546,0.4146723003033994,0.5438283050751942,-0.007517102640074658,-0.0377973687764841,0.04400604615823167,0.3448820934518211,0.7062021138234222,0.05505724587424865,0.09345797837859404,0.21952127785194797,0.5084582767817429,0.9246656336410564,0.04589757839964559,0.05788014849526202,0.13265872317057625,0.4249678349717667,0.5395089970795999,0.06498109153020404,0.0016882458569098535,0.08991300870032215,0.21883609483506583,0.32099984669895587,0.04457657445730012,0.07730940376103201,0.16786902940570458,0.3369094988618224,0.5248516217382273,-0.018572718570252778,-0.007989191500474613,0.03501885415918182,0.25296652861010416,0.2941292924825629
2021-05-31 10:30:16.657881,0.050315203693233945,-0.024251400066063855,0.04237678255381394,0.31506327467067985,0.5680665520720669,0.04544023077657933,0.057034981591767675,0.11641521086170803,0.4623394432946428,0.52587001861558,0.028436127005577516,0.009348603589625304,0.06798900601809654,0.3866123500154808,0.7339246708365681,0.05276175756234425,0.07765366895412229,0.190900314816288,0.46227237406015664,0.9102704046947514,0.02959448666461384,0.04159412964202458,0.13012654389234224,0.4484911116085051,0.5579052598614136,0.044706579317066675,0.02006435122407435,0.04787675669311353,0.15346535720207433,0.3266677388236692,0.019631778061497185,0.08052222459453251,0.16568259378133066,0.37113933986925507,0.5539397682678966,0.043591296451390704,0.030795941468710897,0.05820380367059008,0.29195333291346737,0.3671124397191763
2021-06-30 10:30:16.657881,0.006414864341791393,-0.027653351522556102,0.011177687232214684,0.3266064843494132,0.5724720814001878,0.0431987070491755,0.03379402884534399,0.110892561090846,0.4549554216698475,0.5423510887855651,0.04204183824155616,0.04158591635207509,0.05334021595631855,0.38679662461961617,0.717956078310368,0.018738724595382505,0.05729330390036491,0.16883056781847894,0.437321892705842,0.9322966652953693,0.0023560723485938073,0.04341020461561995,0.11519580607721314,0.3696666005494884,0.5280599366922116,0.027693570141260837,0.06386400161773276,0.016839753044850303,0.14676563455195435,0.31854797698622184,0.04157790174404674,0.11223940678793243,0.1808083318460847,0.3764482759920178,0.5845035475061386,0.06556296115106042,0.05982678838192457,0.05971801122731013,0.3141216566942304,0.4039495059462266
2021-07-31 10:30:16.657881,0.03638380372156269,0.04461422997986553,0.04348679097864516,0.37352700942358896,0.5982041810405199,0.004311316919920483,0.030595795876807497,0.06293620798321142,0.38358490770739295,0.520775504664106,0.04018117892421058,0.03236203023796347,0.04083836590621881,0.36946558358033643,0.7968001407774434,0.05502138968328163,0.1131079617376658,0.22407769061523286,0.4882861351286347,0.9735372554126089,0.013396096070971586,0.05990852284028381,0.11946969426340859,0.4482777984923414,0.6095490079184664,-0.007294865100098358,0.05721219813333578,0.023641335491641824,0.16179897689582412,0.31012772970556113,0.06265959706959623,0.11002932172113389,0.18117961456014586,0.3535451474578919,0.622948354260255,0.09445894004843503,0.07413186216821832,0.049760538379517216,0.3072632001819178,0.38936994641496336
2021-08-31 10:30:16.657881,0.0140371763505025,0.06505866343108968,0.031114036572066572,0.35588358708992174,0.5869369226998118,0.03707555046522226,0.08420050281111013,0.09087098021449624,0.4351997821851059,0.5908009321582413,0.026819037653896594,0.05601779422036768,0.05512553263223374,0.3625469856557253,0.7983028353192618,0.08849084672891716,0.14592153689285903,0.233223372534497,0.4888039955873098,1.0028030278230968,0.006559474336012672,0.03634808527639044,0.08494957796097435,0.4222802459139403,0.6153700278308507,-0.01219345234280289,0.031967999429951544,-0.015472169206426578,0.10632900042580617,0.2946279906171685,0.05050700337600178,0.07113032371832806,0.20253943192691892,0.3376063189631573,0.5937525250762596,0.04256327704409513,0.08800996192305766,0.03379029665778477,0.27283201988828076,0.3923018342488205
2021-09-30 10:30:16.657881,-0.017644184318477696,-0.011342505025510818,-0.050610482269586865,0.26034842875089304,0.4947122398418853,-0.01753925894044206,0.02490177479990585,0.03295685267542425,0.38972451195360747,0.5254544643861652,0.02069922468244445,0.06361129637982543,0.0419325033475082,0.34121743981481156,0.7591712569860505,0.04809307856551115,0.06773300611507693,0.1600155838736661,0.42980840392750697,0.9074720987148437,0.05543110665756923,0.05791777870381076,0.12996059665954518,0.445562343101094,0.6304264157941453,-0.028524631996221683,-0.001621010751901908,-0.027869714082980224,0.09610988639798657,0.2871470531599041,0.029294113795513832,0.07209000332462923,0.17220159161833326,0.35225726207154207,0.5968342286489792,0.016291866571727764,0.08292297073790866,0.0867146638687446,0.2812266714712168,0.415881861605516
2021-10-31 10:30:16.657881,-0.03279941778877271,0.0023910183537816376,-0.034060473871071584,0.2710109080228795,0.448425713301694,0.012602416314924092,0.01696806624553493,0.04145153314476424,0.3988926475852752,0.5445568081934475,0.0335747915794391,0.07510504521144612,0.03446890334413033,0.35391793549783146,0.778531426261678,0.009244042139507913,0.0647740518675961,0.16428568218512574,0.44350291656336194,0.8708428732929436,0.011096163837210238,0.02464090518496409,0.08394727293138948,0.4031609068675597,0.6398351741752129,-0.04133269243738891,-0.04832604112193262,-0.046719381503727675,0.08023194657430088,0.2609264387055219,0.044541776927304655,0.10999234379192946,0.1958051900697939,0.3940902332728926,0.6222480198392513,-0.010345911344491587,0.08313576488450747,0.07448238583783229,0.27420553892458854,0.3821202374827606
2021-11-30 10:30:16.657881,-0.02439119427402836,-0.010696401418949675,-0.034688398774935236,0.29518795033999456,0.5312934542516814,-0.01632013315098846,0.020150339393995242,0.07833459522216724,0.4127392569929518,0.5883588598926506,0.01761398202808917,0.04490540972923207,0.05467381619344591,0.3942340803875324,0.7651597704115887,-0.0347311611594987,0.050686295710535845,0.13227594149227473,0.3625372717741011,0.872597232078065,-0.0006426396096708142,0.005912619348314774,0.04775267924603721,0.37320267771202764,0.5711084462625333,-0.012084625107467883,-0.024130724149942107,-0.004550540250503499,0.08080747769345287,0.25838771415372963,0.05235253918326199,0.10550371243253509,0.19452133065511723,0.3959292876043008,0.5907957158415904,0.03236380583323384,0.07630459251121025,0.10945040574469012,0.26559688051855357,0.37925213376409594
2021-12-31 10:30:16.657881,0.032329192132412476,0.014114585589083184,-0.013929081530363097,0.25583197882247166,0.5047122048826351,0.013211641468162671,-0.004559339873017598,0.029080610509141902,0.37024747875375286,0.5388539469024423,0.03949693949871169,0.061013720206108735,0.105136948023004,0.41323785700619964,0.7801866541066937,0.019927067321556136,0.0689784999013432,0.13022380995914706,0.3852448731948457,0.8255124226766402,-0.027089611199079267,0.026839888330801864,0.07141521799072215,0.36012672722882644,0.540922438296118,0.0276365825987841,-0.0016763727457010935,0.06208056900028813,0.07940740283104608,0.2709330259829992,0.0621857957771732,0.09330158735064797,0.21601310895518955,0.40906899241856687,0.5819573202627988,0.03189505296826889,0.04870654948725406,0.11144729429816591,0.28709638783330993,0.3768440399823374
2022-01-31 10:30:16.657881,0.03850581896526917,0.0044434327329556655,0.049255903042669136,0.25037195812973945,0.5398816143544058,-0.0032724748999329867,0.00928870032392215,0.04016869137980139,0.2667120258917435,0.5260631616312139,-0.007456522167033852,0.025867918234739662,0.05906708682480888,0.3792076785904732,0.7225721596151318,0.011348902879762646,0.020697854755728162,0.13614690865715673,0.38189550867532773,0.8690745899875592,-0.029266019839733537,-0.018494596553528142,0.0403059423267067,0.32810167616001396,0.5283610589491938,0.0168584356729784,-0.025171061301057174,0.030601045085896228,0.07124882640369612,0.2711449537598243,0.004297452618183595,0.04903064572136273,0.16445477613476744,0.33237725079867175,0.5495237027679774,0.025613158602720842,0.01500225579007286,0.09024626311673312,0.27643392299562186,0.3487641115789719
2022-02-28 10:30:16.657881,-0.002873395546940216,-0.02719450427195691,0.036094921058528184,0.17755734531376732,0.5157067363865107,0.015355679834357261,-0.0012150600561519065,0.08288313408728465,0.33049578050299133,0.5927354979109212,0.004199883018727757,0.021887841710828804,0.07913174454408178,0.37838996550918624,0.7123995674700552,-0.0021492800910758447,-0.03680579425735464,0.10374498457090886,0.32918047811942497,0.8416196302855623,-0.031697386525525895,-0.03231965613909249,0.002853671519850831,0.26507333296872626,0.5118471925519017,0.024027990585424375,0.011652996219645662,0.043993518626104455,0.08725698545180438,0.2620996741851156,-0.02296009437850499,0.028190425564154964,0.10132594337861844,0.2815462030393048,0.5605206492970043,0.013012009530840807,0.045796933514031135,0.13783748181185151,0.2924779456048714,0.4024820884906417
2022-03-31 10:30:16.657881,-0.013045364349681399,0.018862081692233135,0.007305633410336521,0.15267214203803547,0.46978949179051677,0.03155744364854152,0.045186010747840566,0.07121299741149523,0.32105134655240786,0.6406148618149667,-0.027693153639870238,0.010709991044999034,0.0750025638394134,0.3608530248320214,0.6702665706260003,-0.00688810992900768,0.012901697562274661,0.08150857443723236,0.34692410710865085,0.8598769797472414,-0.0055015442560580885,-0.03244212076024622,0.023596682372690303,0.34171743614197814,0.5199745073713449,0.028052576451280453,0.05646443639626897,0.05475189618586862,0.1571235430805069,0.2723328966438845,-0.04529605659094238,0.01407296786155543,0.0871774914861112,0.2896732384689571,0.5440749483359539,0.011622640341715007,0.043888398039314325,0.13045072512357025,0.31412853268094976,0.3991389060533541
2022-04-30 10:30:16.657881,-0.0034916924073112865,0.03487967608223963,0.037354092381707504,0.16973931186507385,0.5273376791357294,0.02284510237611026,0.019497867452065165,0.036796774804173094,0.2841028151741196,0.6233577069270235,0.00044836593228780863,-0.007011499485259032,0.0675669467403468,0.33359872652053624,0.6802708413659042,0.0005017498521664443,0.011856347042271231,0.07739838254814368,0.31620100529319073,0.8631182278538874,0.027183437509074482,-0.0028781333521118446,0.02169185202181323,0.32985600990255626,0.5319236695043781,0.03142075744281092,0.04880889793393517,-0.0018758839966691587,0.14526625970276075,0.2533433724727798,-0.018320790617515237,-0.014102070728938099,0.09433915325119546,0.2727829867517486,0.5755864995567228,0.042383654937437454,0.06908239281623385,0.1579613752675708,0.28341625631650724,0.4585969225045441
2022-05-31 10:30:16.657881,0.0531291451151501,0.05010308851922329,0.03887076435314274,0.22157153635656646,0.5579955977627491,-0.0036723903581670214,0.011626897425623284,0.032011522748844,0.2842040813030191,0.6642694863289975,0.0006289369042791204,0.004831461384431135,0.04995382986672192,0.2878660616538735,0.6558672913724166,0.016623752141547987,0.014438742950955374,0.06585688505639165,0.3325614932038494,0.8227728251901543,0.05228563467861713,0.018930930180950822,0.024955480913334993,0.2877200502938757,0.4962023174433683,0.008417570335478741,0.032647818221676284,0.0077292785761291505,0.13225336142279476,0.2601563487205607,-0.02896168516223052,-0.051256816516050074,0.048839111486568276,0.2581948998924526,0.525367890701806,0.02262926553022737,0.035935727279823526,0.11498238081771484,0.30866990638383696,0.47905060124442467
2022-06-30 10:30:16.657881,0.08003348633011687,0.065944055991084,0.08098941460254472,0.23115148523959772,0.6062714728721703,0.004837260633068663,0.0365473558614513,0.03182138417160174,0.24006615353051686,0.6747852728107098,0.030377680958839637,0.0018432735329532157,0.06296945871466497,0.26395907420778264,0.6890969160443059,0.02362823947012438,0.01657737563021744,0.08669935803483408,0.32396029915566626,0.8449570071159942,-0.004789294922220799,-0.0102644906603091,0.01629989988739755,0.25464523322120036,0.4410300542093861,-0.006438063721928455,0.021433908454594253,0.019721604488926125,0.16124263068096023,0.25673568389796086,0.009566103754687028,-0.036163259613282484,0.053764238211672755,0.3267806248252143,0.5497046746741368,-0.015483987440020885,-0.004041311915376933,0.044468399213077436,0.20365993840586905,0.41604078348627627
2022-07-31 10:30:16.657881,0.061356732813522497,0.0576508015681092,0.06235040175983353,0.21182153224418965,0.6023513861253365,0.0007172091696543426,0.023578696262670507,0.03308641203020546,0.25125208681880085,0.5861372538930398,-0.0027694042212023096,-0.002322279995420007,0.02348556569027993,0.27157365552419743,0.6288456356422651,0.0047183470061897825,0.005222464288269224,0.02602841285130264,0.30746813667216344,0.8111651978586698,-0.059681548616457025,-0.03412046075464281,-0.051984013152293174,0.1996253374332686,0.381376304130157,0.03808533920472312,0.07070276685281285,0.04375204187314896,0.181528540923239,0.2949635358466218,-0.007650223622020835,-0.02583085609437985,0.021933286073139824,0.2960658925738333,0.5550954467540719,-0.02268431280594252,0.018737898045035006,0.03402126457454768,0.19690475316364076,0.4650000780497483
2022-08-31 10:30:16.657881,0.02127828540753285,0.07553792763590117,0.0462892068681553,0.21558833017786871,0.5902818368640077,-0.02588280896019457,-0.029460147540293802,-0.030639411747921286,0.22685160677526173,0.5450260252528383,0.027886787535642332,0.028533263469744163,0.05104563673489215,0.2996662240885519,0.6271863132030189,0.0057327734125525165,0.02245182575839455,-0.015180325778525794,0.2916138378394011,0.8131743790596786,-0.044383230568915466,0.005581798730318388,-0.026918259224375296,0.19828427822842465,0.4632764540285639,0.04269783081408174,0.051474813143610465,0.06372764516622587,0.16744264449105595,0.25798200810987315,0.026516891083022243,-0.003212767930235838,0.02488708833872688,0.2970618936813567,0.5558741185164087,-0.0067089363935021185,0.01576851083365116,0.062287593789946305,0.21003392330037784,0.5058265246468365
2022-09-30 10:30:16.657881,-0.025895414528827376,0.05206557149658364,0.07190971825173831,0.1608855472001316,0.5186137475420229,-0.05018289104200546,-0.045588378132227825,-0.002462324328646792,0.24032267417994424,0.50406958526815,-0.010247529967960967,0.019818854794895868,0.03074110559727017,0.22023481427032987,0.5608806590854722,-0.01006150706647102,0.013328996705256335,0.026402660951830415,0.268739322275803,0.807064665708239,0.005585316592722878,0.0007692719421057426,-0.03169780563138391,0.2255780709658699,0.45269779789417774,0.051315711945606246,0.04454727440023598,0.10352704753850395,0.16847830157006838,0.26617983604673734,0.00845991400763424,0.01810694617747388,0.03243473251065576,0.3159186275088657,0.5731687255947662,0.025873849477316524,0.009989231676963639,0.054316041092223655,0.23465493934380044,0.525255721770028
2022-10-31 10:30:16.657881,-0.03346923578946681,0.025833934066248565,0.06161468940064907,0.14863475208925347,0.47697432181094723,-0.03886289561201861,-0.03817355926745647,-0.01941999481416168,0.2200453258292685,0.45406829838067786,0.04354826257390698,0.04065825561050662,0.033361680786962555,0.24453360017588754,0.5601138938301293,-0.0030479337262153683,0.001656032071002178,0.013532013604220294,0.2795415402624817,0.7698288375407925,0.0646790172003624,0.0011373246743973109,-0.0017440820497921505,0.2624644008704069,0.46942235521818,0.016841294434998932,0.05556804005092575,0.10708915278009568,0.1376534913335825,0.2618460863060026,0.06056954895948219,0.05245595474323639,0.03761414643035543,0.34217796409236345,0.6537140729235573,0.05707684654846101,0.03309778470143643,0.10446665168176206,0.25326126670428817,0.5523964315542897
2022-11-30 10:30:16.657881,-0.011780316445137329,0.009247304026884784,0.05981371103833122,0.13771960520406412,0.478395647276078,0.0034955675798882258,-0.022477716488183974,-0.01111216516653124,0.22772462043624708,0.5171024018563195,0.0011214008447990587,0.029039460647542592,0.0340112250647171,0.2049128871134076,0.5279073711634692,-0.0059164942604090776,-0.00021763876884839384,0.014217961751867625,0.2753996588737617,0.7832426820065534,0.02128662006456783,-0.02404137947070628,-0.0055655749659691,0.19581962322335045,0.4607408655636631,0.02112013400576429,0.06471974872839503,0.09948052554190867,0.16003491227678657,0.2726422834491309,0.07769365431968822,0.10627073957214761,0.049566823256823156,0.3574964915508605,0.658888983805731,0.031898259977676924,0.02497532018692139,0.06180855376170835,0.2560280614395889,0.520049909559376
2022-12-31 10:30:16.657881,0.0061189416742921665,-0.019934925385668656,0.04469454076960466,0.12194700386186375,0.4263287846738286,0.02719494648209908,-0.024352665596110712,0.011304664729624658,0.25310525050297605,0.5103323740703061,0.02561750700351606,0.015107460864832278,0.01697858158054788,0.2005478220194803,0.4717275821876774,0.020281809926169903,0.010016237285805918,0.0267596558439116,0.341602322139807,0.7353745758449917,0.010523083788426257,0.016167175135639145,0.0057367366571468015,0.17545715320450905,0.5096045830768319,0.009308681585797451,0.0611020751542537,0.08384563989409011,0.20620809066858992,0.30623652823289094,0.05498779475149518,0.06391290077419676,0.0254383423375788,0.3340070730034759,0.6005201838809096,-0.00701765831398149,0.018674617328436005,0.014557835459534374,0.1852984668895079,0.46578502370464836
2023-01-31 10:30:16.657881,0.014079506318879664,-0.019860959787373123,0.03664484152908187,0.1256563961307593,0.38832794263004233,0.06210406785926259,0.020827628340947646,0.044897412926141245,0.26207840259664716,0.5205057759270437,-0.010137545369847012,0.03296924471643892,0.0305704009035499,0.16078981100928358,0.4648050929282592,0.0596778043921109,0.056447976673182465,0.061965238503772335,0.41129406298086946,0.7515017600092133,0.0005929993247202336,0.06531037113860627,0.028961490428657255,0.1770784486400807,0.49499461407265954,0.006305504584472432,0.02325299187873986,0.09559980959498571,0.1908730688920135,0.31518659314986053,0.04707070774084188,0.11049130823739062,0.0818063670602509,0.37047235046446914,0.6700116228671944,-0.02770224205860128,0.0277934478708326,0.04705213670839159,0.1746550793966002,0.48840309409060123
2023-02-28 10:30:16.657881,0.01607333362253449,0.004103668220995393,0.07995157845001599,0.13574537990103352,0.4065328819678009,0.03388752768977943,0.03750155141282252,0.006936602634917133,0.24506866465876898,0.5236411168698725,-0.008337503047666117,-0.007225451885828127,0.021101645861569818,0.15102111920973083,0.4498420745140679,0.06274658306562242,0.05645884900664533,0.08017827900545638,0.36066193765632204,0.7663018607924341,0.029944497890596278,0.051868535104785396,0.05773985355849498,0.16247226392722403,0.4818877664434129,0.03567265703419453,0.057546202336862695,0.11198319549288738,0.20968007873485073,0.33951379093052836,0.07067969440271415,0.15386471246674804,0.15015761292270424,0.4489803211319334,0.759184589739788,-0.015105257740383182,0.01631117079886124,0.032336884505963726,0.17573961085828094,0.47651079177947153
2023-03-31 10:30:16.657881,0.03762958090190183,0.043978775786960966,0.09833412737861291,0.11053150433799952,0.40121142404848675,0.009078303946675748,0.0365201344187529,-0.010733137410796845,0.207696796709965,0.48092133301473905,0.025306657927514298,0.051572458417723954,0.07241342027741693,0.18565835484217308,0.49716849843847966,0.05002461006095382,0.07132100962001076,0.08560064382750765,0.43986806950486845,0.78908329479467,0.03622921760703934,0.0471335444879335,0.047939074943345705,0.21488456249454013,0.5053272964758191,0.0301904252275218,0.039780139868702324,0.08609951107534908,0.18586177692165617,0.33646329346342707,0.10798165116973357,0.1689071187926774,0.19007245707912257,0.5087967058619254,0.7666581850628114,0.019634487592566252,0.0124790411534903,0.022592928863642392,0.2288147479243543,0.5057047677965785
2023-04-30 10:30:16.657881,0.06221112250352423,0.07716653071479662,0.10499397984765246,0.13735153015386103,0.4662746218646787,-0.011885895494014975,0.049480009904919076,0.009417622546802784,0.20624955583911553,0.48054076601310247,0.019281149931742902,0.008948141029680112,0.04997021244541022,0.1702404648192286,0.507496486212478,0.041932898225604864,0.10411316591561759,0.10594161272838987,0.4531080233434819,0.7973879297385587,0.06582221714385761,0.06645424899889574,0.06766715373039811,0.23553452632292626,0.55439314860784,0.0579789511880604,0.064650042315052,0.1238105585066347,0.22255805973707243,0.36717139748240135,0.11028291516122257,0.16254471777042623,0.22352711087278032,0.5637224675194523,0.7900598164455375,0.05012264140629741,0.02103188980284232,0.054825783464837574,0.2642212072756165,0.5304328526094533
2023-05-31 10:30:16.657881,0.08084395489676766,0.09821672037772289,0.10837226427846414,0.2002505224761848,0.514236894883294,0.003859143234348661,0.03787744774734114,0.014548332727396085,0.16891527224154657,0.5311067887985343,0.007198412907207352,-0.001199106930010907,0.027805532299025604,0.152518578997779,0.4963604365357426,0.066317492175614,0.1332252712727373,0.1329786375198696,0.438122980835864,0.7658300020700985,0.06419169696626881,0.09605838299126512,0.06970762748372317,0.23907378927829037,0.5881295595581091,0.028646194966597482,0.06534073788916994,0.13428932275548022,0.19778240177047612,0.31847614434028637,0.08738736759208443,0.164243574430865,0.2879686001277537,0.5746877928592378,0.8522335259354619,0.05066923305369686,0.03479860348852992,0.06064302993963522,0.2514300094540398,0.5278618031932272
2023-06-30 10:30:16.657881,0.07536700175404176,0.11583261134578104,0.0935885714957072,0.19537145840843984,0.5682580301702003,0.023183484300454804,0.03247225496415296,0.007328803401748685,0.15464328745005274,0.5122565133756158,-0.033418035339158214,-0.008957076200581615,0.0060150659860871425,0.1264033589823912,0.4829894012721878,0.04198006179973923,0.09410470808255988,0.10506352045423228,0.40361568922027224,0.7260393547262272,0.0666639202713748,0.105308319552464,0.12317803273354744,0.2729800901199171,0.5634548687327192,0.008816107272394902,0.03927269452732163,0.10277441281409416,0.14345958144603244,0.2895642096750657,0.05105713285812796,0.16455201753787474,0.2389819150811634,0.5416572578885068,0.7970837582706145,0.07476807016965181,0.09587059050828417,0.11633555442751331,0.23560704960630385,0.5322359022389158
2023-07-31 10:30:16.657881,0.035138092328736326,0.09953519499866381,0.0776973707059938,0.19467992405045975,0.5725404073016287,0.04559855870528429,0.03317068350782071,0.05468917851668453,0.1581594111446707,0.5075334436291556,-0.005058503125413449,0.014125113049138438,0.04756005207434155,0.11594796075498892,0.4682897704198532,-0.004136594313378983,0.037622844523882426,0.09619455464712767,0.37675293382882136,0.6739152413481684,0.024744603158015854,0.0921955649440791,0.1635272626465165,0.2348225899198113,0.597511885513246,-0.00989570858631883,0.04750949979664432,0.07186722968831849,0.14521267543458904,0.2997784170263196,0.04128944690163605,0.15612588263256555,0.2838677438917454,0.5497397615980131,0.7758880260684751,0.02714426148455895,0.07862744497548557,0.1086062206394609,0.2033640262688874,0.4985450971441827
2023-08-31 10:30:16.657881,-0.008149164647576534,0.07203597954997609,0.07643525953101915,0.1613051694772143,0.5270809658760609,0.03673655737542525,0.0407374722466225,0.07976674206933043,0.1417964639176983,0.5021996790052929,0.008825625715621843,0.016087569120894818,0.008745877278423686,0.1186841347576475,0.4446240267850661,-0.04556396837346843,0.017731835686048303,0.07519180372630263,0.30582328411231385,0.5764499491457484,0.015037572279294587,0.08019455652842389,0.13622266580371667,0.19956097106200388,0.5725264174186355,-0.018827923274639446,0.009278923331016431,0.06735909246735416,0.11781259218939821,0.25610312791611634,0.025374076416539326,0.11497881775174523,0.2865347129516327,0.5856117543227266,0.7637045785732124,0.014316452852828787,0.06571108959262761,0.08309408519721373,0.1894350858048821,0.4644663116742156
2023-09-30 10:30:16.657881,-0.021948085382633153,0.05176475498187805,0.09802008132185369,0.11741095176178895,0.4834028720779662,0.026925720818621324,0.05073343714495304,0.08910636350776491,0.12222976689987042,0.5098309392742728,0.03053571426238655,-0.003902764655098534,0.04746841859473627,0.1249419695798859,0.44807056458334626,-0.02429168807680826,0.016668607156246518,0.08917843866760022,0.29682277309965155,0.5984337841312941,-0.007254445455489922,0.05892586504242692,0.10883679441182759,0.21322637744776896,0.5520845329298365,-0.0032874475324313757,0.00549967724986522,0.045498595048799606,0.12158168597132657,0.26462141155946983,0.08205606186238645,0.13730274197283698,0.3294012713144807,0.6088701823893587,0.856000199473155,-0.0385240636782449,0.033363636595091783,0.04625902394268211,0.19874154878245687,0.41330534644032646
2023-10-31 10:30:16.657881,-0.03767393844035671,-0.0038596364389247295,0.0730090595220596,0.10032313821952732,0.44783671564995897,0.012697114467910886,0.05887464329264813,0.11126777113083586,0.13485615178464427,0.5243550720067793,0.05559716142117943,0.05025741988095289,0.059655271391515496,0.13275084799365833,0.48254982299724314,-0.0007465646358174594,-0.004880070714169293,0.09872501558950386,0.29654035942432877,0.607474710810318,0.0012013036394438181,0.02597563257928992,0.094156072733514,0.1839389968244889,0.5325993781666829,0.025615708692468875,0.015466514517697316,0.08111646765078473,0.1409742455808134,0.2929213144384586,0.0676006736768131,0.11168131500474288,0.2923792406028449,0.6035639768327805,0.8694624317530693,-0.02059058241155831,0.005994762919901975,0.02715273391586992,0.21895292589205573,0.44553004342540126
2023-11-30 10:30:16.657881,-0.030635744828191425,-0.03853525374706179,0.055896660388701225,0.08023557510728985,0.4493849432991026,0.0003461099034627324,0.037095382165214685,0.07637790831218672,0.14779769556108535,0.5037437088542138,0.05807468990092168,0.06741286109315991,0.06613291893424078,0.1626654600190578,0.5369944560666826,0.029361505427200507,-0.017540289650950336,0.1133481717748368,0.2785407586626376,0.5385467210971957,0.029617491047690958,0.045100438489346306,0.145491096674095,0.19351161057404864,0.56423683946106,0.04514483922636514,0.025466932382525842,0.09247169842534353,0.19568546952681642,0.29821336862164505,0.08548632579292259,0.1130295387727005,0.2958374886678654,0.6246302806676887,0.8985588051985998,0.021349345489232174,0.03597144524019624,0.07202180478854925,0.2628673403740025,0.4406060498155342
2023-12-31 10:30:16.657881,-0.05019530508734138,-0.07104169962811036,0.03656196613530405,0.0678069553563514,0.3599286791935312,0.007885889184419126,0.035023943253626566,0.06863350463296136,0.11214187242686613,0.4808456996924957,0.028212116621358252,0.05960930801563191,0.05011830670089035,0.18022860111813177,0.5092642970678178,0.03770459391087666,0.01249699759972267,0.10777773199331286,0.28554084187950357,0.5756072777838015,0.03393149417884511,0.02643089454961145,0.13452260719136344,0.22251804683445164,0.5519468475885689,0.03249624529676809,0.029101968062922756,0.06951757529212332,0.23115525727565722,0.25124038375787827,0.04986127938109908,0.13600876146891894,0.32294129510933156,0.6496369735983891,0.9115355674429273,0.046582115235907384,0.006263519184046995,0.10273459697516585,0.24347392416133462,0.4399880267499301
2024-01-31 10:30:16.657881,-0.06063664401154001,-0.09602616125817631,-0.0060489489453181555,0.08112624296934512,0.28835104333175754,0.019213591862791146,0.032154663505923775,0.06639193918019992,0.15902895332513767,0.4114594350904157,0.012524716291147042,0.06881821638571983,0.0839153945211466,0.18303207832811075,0.5406454857744856,0.04130993190649823,0.04053252673641117,0.07968032021185767,0.3026866954774541,0.5844578548552986,0.012774196864172138,0.013990846192799777,0.10747630510567019,0.18548112501863345,0.5134388886330676,-0.024021578292012014,0.000978800648595568,0.04853480277445499,0.1839282314678341,0.23062336735784617,0.048516553096505266,0.11939697844711894,0.29416381972340266,0.6302770468192056,0.8653743315745213,0.04577982282024129,0.024246607194116088,0.10478050094259972,0.26115630268376444,0.4765312584913963
2024-02-29 10:30:16.657881,-0.06054865158824918,-0.08932944337669202,-0.023728397783009947,0.09238187363677208,0.24152939373006732,0.007643605162588996,0.007992360593496617,0.04905542140798147,0.14388443383637783,0.405445670631047,0.03219246970080358,0.09213672729674438,0.10970655238659832,0.222789201641153,0.5618856307366313,0.02821891466094706,0.058408969904114594,0.07717650384709396,0.2842543776389337,0.5465581919366058,-0.02120539868387805,0.007784041658130292,0.08860283595532681,0.15474448891209014,0.4566795743005565,-0.011234211105873526,0.03340346146628215,0.042992332955234636,0.21081318792191772,0.26098972183059255,0.02690670247003424,0.11469318339632362,0.242859287779162,0.5743278937336014,0.8319498843037365,0.02655586161323864,0.048472157366816315,0.11736840523492265,0.31249623880127775,0.49087410940159315
2024-03-31 10:30:16.657881,-0.0037962070811273785,-0.0538009603958568,-0.00482119894666011,0.10102418110921052,0.25991542108038423,0.001290224669238338,0.009186288422422306,0.06038577755364938,0.12370726684218813,0.38578882218542887,0.04116476835781624,0.07053823022477612,0.06636017145792339,0.22935031257767147,0.5562428851094599,-0.004596419197931745,0.03293486859364281,0.05015245413621949,0.23296971927840904,0.535555683499999,-0.014626739730129623,0.01880844731470699,0.07884261638525869,0.157238830111883,0.5168938536832088,0.023117221473255567,0.05636468966959818,0.06217435452093523,0.21679031544319316,0.33488901615926747,0.013829618951849865,0.06438046082724114,0.21052281660113348,0.5661986167434365,0.8579159870023056,-0.0018509973651299472,0.044644894498213405,0.07949804712916997,0.24788993841543738,0.4506494951718856
2024-04-30 10:30:16.657881,0.032479208595899145,-0.03012686562504685,-0.033870223315614734,0.10744560525586189,0.24877577457256983,-0.012076154337105849,0.006905411224980007,0.06618660814028798,0.11582925401903332,0.38198682823845487,0.05911894168757015,0.07238410595078704,0.1262793642372162,0.2624617372393103,0.5770602210979996,-0.025372364105048284,0.014889437167963537,0.009936704947520303,0.20337968322557143,0.4701057421906072,-0.035964991856286876,-0.023650218878305207,0.0017110843049821245,0.09269332830873722,0.4222730530308436,0.058097611389100745,0.032680436776526545,0.04865240374407254,0.17627593929606356,0.34968099034635314,0.011120843290130633,0.06017694137059948,0.17857889632057433,0.5780624826215282,0.8353826361276757,-0.02845829273410705,0.016018714487000096,0.022109505802533125,0.24845311580655616,0.3837119771848079
2024-05-31 10:30:16.657881,0.010577827229458991,-0.05061129753426741,-0.08719623208837823,0.05105295675327737,0.23589614726780916,0.03631954084376754,0.04424075823625273,0.0829772682355201,0.13390489131174887,0.4109971227388951,0.023304320170251636,0.05624701349203365,0.12745164669263742,0.21668758986540215,0.4923805314582268,0.02143170703370889,0.05025540120647842,0.03183361726184164,0.24603513738441074,0.5578249449217436,0.0016368835771987111,-0.01960322587553298,0.024613098531021116,0.12338856334476511,0.4113881082920936,0.03609686802993073,0.024457137088348402,0.050546917727373186,0.20083454685939106,0.34922045146418657,0.004547417039558521,0.03157647550688347,0.14817508874219443,0.5510373972750331,0.8606355554646976,-0.0379618501113943,-0.012414098136296348,0.023110794052583872,0.20992907626357216,0.42011012748352683
2024-06-30 10:30:16.657881,0.018751214302556773,0.014883823728914392,-0.05721524803386324,0.11452022542917573,0.26934011779496214,0.046409421926420835,0.04775952517671378,0.08445619532994963,0.1271657677154543,0.3546531787421401,0.031440009179933615,0.07389899823280932,0.13791337439614715,0.21684278994998607,0.44692725988702064,0.02753586813091191,0.022812882540071522,0.035594972678139936,0.24361681782643063,0.5151378180088342,-0.023188383952755798,-0.037475953226046355,-0.012035581644298632,0.12774727761721505,0.39222954395389853,0.04288016480240331,0.06698865654220576,0.09804012634839787,0.23477126019669603,0.4061377342286445,0.0017139940442163493,0.01556731688058366,0.15369336983782467,0.5062561035690312,0.8965071519524026,0.05165130235420312,0.049704698564509986,0.056279544081553334,0.23159787527867715,0.41931055436011144
